Workbook

Sheet S1 Datalog+Results
A1: ID | B1: Nationality | C1: Gender | D1: Age | E1: Audio file | F1: Date | G1: Start Physiological recording | H1: #1 Start 1.Baseline S1 | I1: #2 End 1.Baseline S1 | J1: #1 ECG - SDNN | K1: ECG-RMSSD | L1: #2 EDA - SCR onset | M1: # 3 EDA - SCR latency or rise time | N1: #4 EDA - SCR peak amplitude | O1: # 5 EDA - SCR peak prominence | P1: Start DSP FW S1 | Q1: End DSP FW S1 | R1: Trials DSP FW | S1: Correct trials DSP FW | T1: #6 ECG - SDNN | U1: ECG-RMSSD | V1: #7 EDA - SCR onset | W1: # 8 EDA - SCR latency or rise time | X1: #9 EDA - SCR peak amplitude | Y1: # 10 EDA - SCR peak prominence | Z1: #3 Start 2.Baseline S1 | AA1: #4 End 2. Baseline S1 | AB1: #11 ECG - SDNN | AC1: ECG - RMSSD | AD1: #12 EDA - SCR onset | AE1: # 13 EDA - SCR latency or rise time | AF1: #14 EDA - SCR peak amplitude | AG1: # 15 EDA - SCR peak prominence | AH1: Start DSP BW S1 | AI1: End DSP BW S1 | AJ1: Trials DSP BW | AK1: Correct trials DSP BW | AL1: #16 ECG - SDNN | AM1: ECG - RMSSD | AN1: #17 EDA - SCR onset | AO1: # 18 EDA - SCR latency or rise time | AP1: #19 EDA - SCR peak amplitude | AQ1: # 20 EDA - SCR peak prominence | AR1: #5 Start 3. Baseline S1 | AS1: #6 End 3. Baseline S1 | AT1: #21 ECG - SDNN | AU1: ECG - RMSSD | AV1: #22 EDA - SCR onset | AW1: # 23 EDA - SCR latency or rise time | AX1: #24 EDA - SCR peak amplitude | AY1: # 25 EDA - SCR peak prominence | AZ1: Start Memo S1 | BA1: End Memo S1 | BB1: AIsYourMemoryTriggeredByASpecificSoundOrOverallSoundscapeSoundS | BC1: IfSoundPleaseSpecifyleaveBlankIfNotApplicable | BD1: BDescribeYourMemoryInAsMuchDetailAsPossible | BE1: CIsThisAMeaningfulEventYesNo | BF1: IfYesSpecifyOtherwiseWriteNone | BG1: DIsThisConnectedToAPersonYesNo | BH1: IfYesSpecifyOtherwiseWriteNone_1 | BI1: EIsThisAssociatedWithAPlaceYesNo | BJ1: IfYesSpecifyOtherwiseWriteNone_2 | BK1: FIsThisLinkedToAnActivityYesNo | BL1: IfYesSpecifyOtherwiseWriteNone_3 | BM1: GIsThisAssociatedWithAnObjectYesNo | BN1: IfYesSpecifyOtherwiseWriteNone_4 | BO1: HIsThisConnectedToASpecificTimeYesNo | BP1: IfYesSpecifyOtherwiseWriteNone_5 | BQ1: IIsThisAssociatedWithAThoughtYesNo | BR1: IfYesSpecifyOtherwiseWriteNone_6 | BS1: JIsThisConnectedToAnEmotionYesNo | BT1: IfYesSpecifyOtherwiseWriteNone_7 | BU1: ToWhatExtentIsThePresentSoundEnvironmentAppropriateToThePlacePl | BV1: DoesTheSoundscapeEvokeAnyEmotionsIfYesWhichOnes | BW1: Agreement_PLEASANT | BX1: Agreement_CHAOTIC | BY1: Agreement_VIBRANT | BZ1: Agreement_UNEVENTFUL | CA1: Agreement_CALM | CB1: Agreement_ANNOYING | CC1: Agreement_EVENTFUL | CD1: Agreement_MONOTONOUS | CE1: Agreement_QUIET | CF1: Agreement_UNCOMFORTABLE | CG1: Agreement_COMFORTABLE | CH1: Agreement_NOTANNOYING | CI1: Agreement_NOISY | CJ1: Agreement_EXHAUSTING | CK1: Agreement_RELAXING | CL1: Intensity_MechanicalSounds | CM1: Intensity_HumanSounds | CN1: Intensity_NaturalSounds | CO1: #26 ECG - SDNN | CP1: ECG - RMSSD | CQ1: #27 EDA - SCR onset | CR1: # 28 EDA - SCR latency or rise time | CS1: #29 EDA - SCR peak amplitude | CT1: # 30 EDA - SCR peak prominence
A2: 1 | B2: Turkey | C2: male | D2: 36 | E2: Te0 | F2: 11.12.2025 | G2: 0.59134259 | H2: 0.6 | I2: 0.60138889 | J2: 346.11453 | K2: 412.97972 | L2: 59.497262 | M2: 0.48764286 | N2: 0.0104508 | O2: 0.021333139 | P2: 0.60208333 | Q2: 0.60341435 | R2: 5 | S2: 4 | T2: 96.483194 | U2: 129.53354 | V2: 56.144023 | W2: 0.50135632 | X2: 0.0080647733 | Y2: 0.016028141 | Z2: 0.60347222 | AA2: 0.60416667 | AB2: 200.58416 | AC2: 262.50767 | AD2: 29.572356 | AE2: 0.55111111 | AF2: 0.0091131882 | AG2: 0.021250295 | AH2: 0.60417824 | AI2: 0.60550926 | AJ2: 5 | AK2: 4 | AL2: 59.913145 | AM2: 60.130907 | AN2: 57.469205 | AO2: 0.5673494 | AP2: 0.0091395096 | AQ2: 0.018714861 | AR2: 0.60486111 | AS2: 0.60625 | AT2: 204.26521 | AU2: 292.3942 | AV2: 28.829378 | AW2: 0.58137778 | AX2: 0.0093262409 | AY2: 0.023177434 | AZ2: 0.60625 | BA2: 0.60972222 | BB2: NA | BC2: NA | BD2: NA | BE2: NA | BF2: NA | BG2: NA | BH2: NA | BI2: NA | BJ2: NA | BK2: NA | BL2: NA | BM2: NA | BN2: NA | BO2: NA | BP2: NA | BQ2: NA | BR2: NA | BS2: NA | BT2: NA | BU2: NA | BV2: NA | BW2: NA | BX2: NA | BY2: NA | BZ2: NA | CA2: NA | CB2: NA | CC2: NA | CD2: NA | CE2: NA | CF2: NA | CG2: NA | CH2: NA | CI2: NA | CJ2: NA | CK2: NA | CL2: NA | CM2: NA | CN2: NA | CO2: 143.26627 | CP2: 192.60168 | CQ2: 148.56609 | CR2: 0.54326512 | CS2: 0.0070842973 | CT2: 0.013794974
A3: 2 | B3: China | C3: male | D3: 24 | E3: Te0 | F3: 12.12.2025 | G3: 0.44652778 | H3: 0.44652778 | I3: 0.44791667 | J3: 126.05763 | K3: 133.88948 | L3: 60.837152 | M3: 0.48313043 | N3: 0.0055871998 | O3: 0.010616226 | P3: 0.44930556 | Q3: 0.45037037 | R3: 7 | S3: 7 | T3: 52.570188 | U3: 43.826564 | V3: 47.258733 | W3: 0.49143333 | X3: 0.0056631193 | Y3: 0.01203454 | Z3: 0.45069444 | AA3: 0.45208333 | AB3: 120.60908 | AC3: 86.354071 | AD3: 60.103097 | AE3: 0.5032043 | AF3: 0.0055875306 | AG3: 0.011182446 | AH3: 0.45209491 | AI3: 0.45293981 | AJ3: 5 | AK3: 4 | AL3: 227.26774 | AM3: 178.97324 | AN3: 35.003286 | AO3: 0.45014286 | AP3: 0.0060734998 | AQ3: 0.012881668 | AR3: 0.45277778 | AS3: 0.45416667 | AT3: 134.53524 | AU3: 89.842357 | AV3: 53.296765 | AW3: 0.47703704 | AX3: 0.0061035187 | AY3: 0.012060482 | AZ3: 0.45416667 | BA3: 0.46041667 | BB3: yes | BC3: nervous | BD3: it is a little bit noisy for me | BE3: yes | BF3: it is hard for me to remumber the number | BG3: no | BH3: none | BI3: yes | BJ3: street | BK3: no | BL3: none | BM3: no | BN3: none | BO3: yes | BP3: in the morning | BQ3: no | BR3: none | BS3: yes | BT3: nervous | BU3: 80% | BV3: yes nervous | BW3: Disagree | BX3: Agree | BY3: Agree | BZ3: Agree | CA3: Strongly disagree | CB3: Strongly agree | CC3: Disagree | CD3: Disagree | CE3: Strongly disagree | CF3: Agree | CG3: Disagree | CH3: Disagree | CI3: Strongly agree | CJ3: Strongly disagree | CK3: Strongly disagree | CL3: Dominates completely | CM3: Not at all | CN3: A little | CP3: 152.07599 | CQ3: 271.902 | CR3: 0.49706667 | CS3: 0.006644354 | CT3: 0.011511555
A4: 3 | B4: Singapore | C4: male | D4: 21 | E4: TE0+SL+10 | F4: 12.12.2025 | G4: 0.56918981 | H4: 0.57083333 | I4: 0.57222222 | J4: 381.19984 | K4: 408.72974 | L4: 58.293079 | M4: 0.55060674 | N4: 0.0060616972 | O4: 0.012540368 | P4: 0.57271991 | Q4: 0.57386574 | R4: 7 | S4: 7 | T4: 377.19035 | U4: 524.58266 | V4: 48.496055 | W4: 0.46027397 | X4: 0.0058369454 | Y4: 0.012550341 | Z4: 0.57387731 | AA4: 0.57525463 | AB4: 68.569501 | AC4: 84.436494 | AD4: 58.712135 | AE4: 0.5212809 | AF4: 0.0069602332 | AG4: 0.013572972 | AH4: 0.57597222 | AI4: 0.57695602 | AJ4: 6 | AK4: 6 | AL4: 0 | AM4: 850.66621 | AN4: 41.934469 | AO4: 0.47746875 | AP4: 0.0075365238 | AQ4: 0.015648135 | AR4: 0.57708333 | AS4: 0.57847222 | AT4: 66.336313 | AU4: 78.373129 | AV4: 60.751416 | AW4: 0.43222472 | AX4: 0.0074523027 | AY4: 0.014388819 | AZ4: 0.57847222 | BA4: 0.58263889 | BB4: no | BC4: none | BD4: none | BE4: no | BF4: none | BG4: no | BH4: none | BI4: yes | BJ4: farm | BK4: no | BL4: none | BM4: yes | BN4: vehicles | BO4: no | BP4: none | BQ4: no | BR4: none | BS4: no | BT4: none | BU4: 70 | BV4: no | BW4: Disagree | BX4: Agree | BY4: Neither | BZ4: Neither | CA4: Disagree | CB4: Agree | CC4: Neither | CD4: Agree | CE4: Strongly disagree | CF4: Neither | CG4: Neither | CH4: Neither | CI4: Agree | CJ4: Neither | CK4: Disagree | CL4: Moderately | CM4: Not at all | CN4: A little | CO4: 261.99071 | CP4: 349.85938 | CQ4: 178.25945 | CR4: 0.49333829 | CS4: 0.0067489139 | CT4: 0.012373552
A5: 4 | B5: China | C5: female | D5: 28 | E5: Te0-10 | F5: 15.12.2025 | G5: 0.46399306 | H5: 0.46597222 | I5: 0.46736111 | J5: 33.486555 | K5: 17.405527 | L5: 59.436211 | M5: 0.51036842 | N5: 0.021444647 | O5: 0.060708116 | P5: 0.46832176 | Q5: 0.46945602 | R5: 6 | S5: 6 | T5: 89.015547 | U5: 88.644566 | V5: 49.332697 | W5: 0.50836364 | X5: 0.02072602 | Y5: 0.064014281 | Z5: 0.46946759 | AA5: 0.47084491 | AB5: 80.204881 | AC5: 86.931734 | AD5: 58.375625 | AE5: 0.5087 | AF5: 0.019415034 | AG5: 0.055553844 | AH5: 0.47107639 | AI5: 0.47209491 | AJ5: 6 | AK5: 5 | AL5: 117.18343 | AM5: 760.19661 | AN5: 43.674909 | AO5: 0.55763636 | AP5: 0.018907514 | AQ5: 0.0608233 | AR5: 0.47222222 | AS5: 0.47361111 | AU5: 156.41982 | AV5: 60.692909 | AW5: 0.52345455 | AX5: 0.01668852 | AY5: 0.052532315 | AZ5: 0.47361111 | BA5: 0.47777778 | BB5: Soundscape | BC5: None | BD5: I can't remeber the long numbers in the reverse section. | BE5: Yes | BF5: It's the memory stuff but not caused by the background music. | BG5: No | BH5: None | BI5: No | BJ5: None | BK5: No | BL5: None | BM5: No | BN5: None | BO5: Yes | BP5: A specific year | BQ5: No | BR5: None | BS5: No | BT5: None | BU5: 20% | BV5: Yes, relaxed. | BW5: Agree | BX5: Disagree | BY5: Disagree | BZ5: Agree | CA5: Neither | CB5: Agree | CC5: Neither | CD5: Neither | CE5: Disagree | CF5: Neither | CG5: Agree | CH5: Disagree | CI5: Disagree | CJ5: Neither | CK5: Agree | CL5: Moderately | CM5: Not at all | CN5: Moderately | CO5: 147.58714 | CP5: 195.80829 | CQ5: 179.7704 | CR5: 0.51910169 | CS5: 0.013855459 | CT5: 0.027744544
A6: 5 | B6: German | C6: female | D6: 41 | E6: TE0+HF+6 | F6: 15.12.2025 | G6: 0.56997685 | H6: 0.57152778 | I6: 0.57291667 | J6: 51.882485 | K6: 64.169697 | L6: 60.494831 | M6: 0.57029213 | N6: 0.0075153147 | O6: 0.01688597 | P6: 0.57347222 | Q6: 0.57415509 | R6: 5 | S6: 4 | T6: 38.825555 | V6: 28.509273 | W6: 0.47013636 | X6: 0.0073973588 | Y6: 0.021401987 | Z6: 0.57416667 | AA6: 0.57513889 | AC6: 613.30359 | AD6: 41.335969 | AE6: 0.4776875 | AF6: 0.0065180287 | AG6: 0.016779245 | AH6: 0.57515046 | AI6: 0.57638889 | AJ6: 7 | AK6: 6 | AL6: 10.408607 | AM6: 5.0485448 | AN6: 52.706198 | AO6: 0.50195062 | AP6: 0.0063190886 | AQ6: 0.015378332 | AR6: 0.57638889 | AS6: 0.57777778 | AT6: 35.083128 | AU6: 11.311604 | AV6: 58.829227 | AW6: 0.46009091 | AX6: 0.0061192594 | AY6: 0.015220376 | AZ6: 0.57777778 | BA6: 0.58055556 | BB6: sound | BC6: traffic | BD6: big city, urban traffic , rush hours | BE6: no | BF6: none | BG6: no | BH6: none | BI6: yes | BJ6: big cities | BK6: yes | BL6: walking | BM6: yes | BN6: vehicles | BO6: yes | BP6: daytime | BQ6: yes | BR6: hectic | BS6: yes | BT6: annoaynace, nervousness | BU6: 60% | BV6: mixture of calm and annoyance | BW6: Neither | BX6: Agree | BY6: Agree | BZ6: Disagree | CA6: Disagree | CB6: Agree | CC6: Agree | CD6: Neither | CE6: Disagree | CF6: Neither | CG6: Neither | CH6: Neither | CI6: Neither | CJ6: Agree | CK6: Neither | CL6: Dominates completely | CM6: Not at all | CN6: Moderately | CO6: 21.725906 | CP6: 9.4592815 | CQ6: 118.89312 | CR6: 0.50049162 | CS6: 0.0056145284 | CT6: 0.012922813
A7: 6 | B7: India | C7: male | D7: 28 | E7: TE0+SL+10 | F7: 15.12.2025 | G7: 0.63626157 | H7: 0.63680556 | I7: 0.63819444 | J7: 71.300039 | K7: 71.561055 | L7: 59.174813 | M7: 0.46197802 | N7: 0.010678407 | O7: 0.019314231 | P7: 0.63820602 | Q7: 0.63940972 | R7: 6 | S7: 6 | T7: 64.871459 | U7: 67.668372 | V7: 51.504494 | W7: 0.53080519 | X7: 0.010366833 | Y7: 0.018472883 | Z7: 0.63958333 | AA7: 0.64097222 | AB7: 114.1329 | AC7: 126.43938 | AD7: 59.889222 | AE7: 0.54148889 | AF7: 0.0090576422 | AG7: 0.017100836 | AH7: 0.6409838 | AI7: 0.64181713 | AJ7: 5 | AK7: 4 | AL7: 86.775674 | AM7: 124.71418 | AN7: 35.690286 | AO7: 0.46932143 | AP7: 0.0083578974 | AQ7: 0.015178517 | AR7: 0.64166667 | AS7: 0.64305556 | AT7: 90.84664 | AU7: 101.35834 | AV7: 51.405171 | AW7: 0.5082439 | AX7: 0.0093259662 | AY7: 0.018338088 | AZ7: 0.64305556 | BA7: 0.64583333 | BB7: No | BC7: None | BD7: my memory is good enough | BE7: NO | BF7: None | BG7: NO | BH7: None | BI7: No | BJ7: None | BK7: No | BL7: None | BM7: No | BN7: NONE | BO7: No | BP7: None | BQ7: No | BR7: None | BS7: No | BT7: None | BU7: 75 | BV7: No, not really | BW7: Disagree | BX7: Agree | BY7: Disagree | BZ7: Strongly disagree | CA7: Strongly disagree | CB7: Agree | CC7: Agree | CD7: Neither | CE7: Strongly disagree | CF7: Agree | CG7: Strongly disagree | CH7: Disagree | CI7: Agree | CJ7: Agree | CK7: Strongly disagree | CL7: A lot | CM7: Not at all | CN7: Moderately | CO7: 56.899433 | CP7: 53.837203 | CQ7: 116.22596 | CR7: 0.52480702 | CS7: 0.0095075109 | CT7: 0.017555202
A8: 7 | B8: German | C8: male | D8: 27 | E8: TE0 | F8: 16.12.2025 | G8: 0.45996528 | H8: 0.46597222 | I8: 0.46736111 | J8: 101.93327 | K8: 125.22911 | L8: 59.717205 | M8: 0.50988636 | N8: 0.011098812 | O8: 0.024907062 | P8: 0.47083333 | Q8: 0.47226852 | R8: 7 | S8: 6 | T8: 66.769541 | U8: 55.822625 | V8: 61.190667 | W8: 0.5515914 | X8: 0.011962868 | Y8: 0.027260458 | Z8: 0.47228009 | AA8: 0.47365741 | AB8: 0 | AD8: 59.530114 | AE8: 0.53843182 | AF8: 0.011731118 | AG8: 0.026678558 | AH8: 0.47366898 | AI8: 0.47480324 | AJ8: 6 | AK8: 5 | AL8: 359.78939 | AM8: 522.98642 | AN8: 47.768411 | AO8: 0.4910411 | AP8: 0.011218401 | AQ8: 0.030235747 | AR8: 0.47430556 | AS8: 0.47569444 | AT8: 255.21016 | AU8: 335.33289 | AV8: 37.987322 | AW8: 0.55532203 | AX8: 0.010840296 | AY8: 0.027486419 | AZ8: 0.47569444 | BA8: 0.48194444 | BB8: ja, Klanglandschaft | BC8: keine | BD8: Ist wie ein Spa Besuch, Saunabesuch (da kommt so entspannte Musik) | BE8: nein | BF8: keine | BG8: nein | BH8: keine | BI8: ja | BJ8: Sauna/ Spa Center | BK8: ja | BL8: saunieren | BM8: nein | BN8: keine | BO8: nein | BP8: keine | BQ8: ja | BR8: eher so Entspannung, tatsächlich eher "weniger Gedanken" | BS8: ja | BT8: so pure Zufriedenheit | BU8: 1 | BV8: generell mit Verkehrsgeräuschen eher so ein Mix aus Stress und Zufriedenheit | BW8: Weder noch | BX8: Stimme nicht zu | BY8: Stimme zu | BZ8: Stimme überhaupt nicht zu | CA8: Stimme überhaupt nicht zu | CB8: Weder noch | CC8: Stimme völlig zu | CD8: Stimme nicht zu | CE8: Stimme nicht zu | CF8: Weder noch | CG8: Stimme nicht zu | CH8: Stimme zu | CI8: Stimme nicht zu | CJ8: Weder noch | CK8: Vollständig dominierend | CL8: Gar nicht | CM8: Gar nicht | CN8: Gar nicht | CO8: 421.76786 | CP8: 549.64682 | CQ8: 271.3762 | CR8: 0.55147287 | CS8: 0.011727555 | CT8: 0.022405787
A9: 8 | B9: German | C9: female | D9: 24 | E9: TE0+HF+6 | F9: 16.12.2025 | G9: 0.58518519 | H9: 0.58611111 | I9: 0.5875 | J9: 88.730912 | K9: 100.28499 | L9: 59.517762 | M9: 0.56280952 | N9: 0.013647109 | O9: 0.028022733 | P9: 0.58751157 | Q9: 0.58878472 | R9: 7 | S9: 6 | T9: 53.501623 | U9: 47.945713 | V9: 50.196904 | W9: 0.54142466 | X9: 0.011622687 | Y9: 0.021114465 | Z9: 0.58888889 | AA9: 0.59027778 | AB9: 54.346853 | AC9: 50.276199 | AD9: 58.73433 | AE9: 0.54872527 | AF9: 0.011905367 | AG9: 0.02263775 | AH9: 0.59028935 | AI9: 0.59146991 | AJ9: 6 | AK9: 6 | AL9: 50.584678 | AM9: 42.481737 | AN9: 50.94264 | AO9: 0.51349333 | AP9: 0.011365191 | AQ9: 0.020959293 | AR9: 0.59166667 | AS9: 0.59305556 | AT9: 70.521648 | AU9: 50.067284 | AV9: 60.657551 | AW9: 0.4452809 | AX9: 0.011401368 | AY9: 0.02118807 | AZ9: 0.59305556 | BA9: 0.59791667 | BB9: Durch die komplette Klanglandschaft | BC9: keine | BD9: Messungen an der Strehlener Strape und Radeberger Straße für ein Soundscape-Projekt, November, je eine halbe Stunde Aufnahmen | BE9: Nein | BF9: keine | BG9: Nein | BH9: keine | BI9: Ja | BJ9: Strehlener Straße, Radeberger Straße | BK9: Ja | BL9: Geräuschmessung | BM9: Ja | BN9: Messkopfhörer+Head Acoustics Gerät | BO9: Ja | BP9: November | BQ9: Ja | BR9: Kalt und laut | BS9: Ja | BT9: Schwer zu beschreiben, eine Mischung aus "will nach Hause (Abendaufnahme in der Radeberger Straße)" und "macht Spaß" | BU9: 70% | BV9: Genervt/Stört | BW9: Stimme überhaupt nicht zu | BX9: Stimme zu | BY9: Weder noch | BZ9: Stimme nicht zu | CA9: Stimme überhaupt nicht zu | CB9: Stimme völlig zu | CC9: Stimme zu | CD9: Weder noch | CE9: Stimme nicht zu | CF9: Stimme zu | CH9: Stimme überhaupt nicht zu | CI9: Stimme völlig zu | CJ9: Stimme zu | CK9: Stimme überhaupt nicht zu | CL9: Vollständig dominierend | CM9: Gar nicht | CN9: Gar nicht | CO9: 42.857211 | CP9: 44.473512 | CQ9: 208.63666 | CR9: 0.53359344 | CS9: 0.010276141 | CT9: 0.017743052
A10: 9 | B10: Brazilien | C10: male | D10: 32 | E10: TE0-10 | F10: 17.12.2025 | G10: 0.38465278 | H10: 0.38680556 | I10: 0.38819444 | J10: 146.20855 | K10: 190.62153 | L10: 60.017222 | M10: 0.55117778 | N10: 0.01117858 | O10: 0.020375354 | P10: 0.39208333 | Q10: 0.39336806 | R10: 8 | S10: 8 | T10: 37.427884 | U10: 53.667929 | V10: 54.938 | W10: 0.507625 | X10: 0.01069751 | Y10: 0.019655668 | Z10: 0.39337963 | AA10: 0.39462963 | AB10: 93.789412 | AC10: 120.9976 | AD10: 54.739443 | AE10: 0.48475949 | AF10: 0.011380588 | AG10: 0.021241582 | AH10: 0.3946412 | AI10: 0.39592593 | AJ10: 8 | AK10: 8 | AL10: 91.116985 | AM10: 121.443 | AN10: 56.699398 | AO10: 0.49004819 | AP10: 0.012025615 | AQ10: 0.022056146 | AR10: 0.39583333 | AS10: 0.39722222 | AT10: 102.09518 | AU10: 139.78058 | AV10: 52.758561 | AW10: 0.52136585 | AX10: 0.0092112221 | AY10: 0.017114284 | AZ10: 0.39722222 | BA10: 0.40138889 | BB10: Nein | BC10: keine | BD10: Nein | BE10: Nein | BF10: keine | BG10: Nein | BH10: keine | BI10: Nein | BJ10: keine | BK10: Ja | BL10: Caminhar na rua / walk on the street | BM10: Nein | BN10: keine | BO10: Nein | BP10: keine | BQ10: Nein | BR10: keine | BS10: Nein | BT10: keine | BU10: 90 | BV10: Tranquilidade / Calmness | BW10: Stimme zu | BX10: Stimme überhaupt nicht zu | BY10: Stimme zu | BZ10: Stimme zu | CA10: Stimme völlig zu | CB10: Stimme nicht zu | CC10: Stimme überhaupt nicht zu | CD10: Stimme zu | CE10: Stimme zu | CF10: Stimme überhaupt nicht zu | CH10: Stimme zu | CI10: Stimme nicht zu | CJ10: Stimme nicht zu | CK10: Stimme zu | CL10: Vollständig dominierend | CM10: Gar nicht | CN10: Ein wenig | CO10: 102.67307 | CP10: 133.06481 | CQ10: 181.80619 | CR10: 0.53673359 | CS10: 0.010044122 | CT10: 0.016893148
A11: 10 | B11: German | C11: male | D11: 31 | E11: TE0+SL+10 | F11: 17.12.2025 | G11: 0.44142361 | H11: 0.44722222 | I11: 0.44861111 | J11: 62.081739 | K11: 56.913419 | L11: 58.530429 | M11: 0.527 | N11: 0.0075966674 | O11: 0.017149349 | P11: 0.44862269 | Q11: 0.44958333 | R11: 6 | S11: 5 | T11: 47.89924 | U11: 41.337547 | V11: 40.452915 | W11: 0.55644068 | X11: 0.0082715626 | Y11: 0.025365502 | Z11: 0.44959491 | AA11: 0.45069444 | AB11: 469.55704 | AC11: 655.49879 | AD11: 48.405433 | AE11: 0.486 | AF11: 0.0073008443 | AG11: 0.023348396 | AH11: 0.45078704 | AI11: 0.45168981 | AJ11: 6 | AK11: 5 | AL11: 258.30185 | AM11: 326.86754 | AN11: 35.58275 | AO11: 0.65975 | AP11: 0.075613307 | AQ11: 0.14592173 | AR11: 0.45138889 | AS11: 0.45277778 | AT11: 82.245391 | AU11: 110.55811 | AV11: 46.417014 | AW11: 0.5333913 | AX11: 0.0096306746 | AY11: 0.041443629 | AZ11: 0.45277778 | BA11: 0.45555556 | BB11: Klanglandschaft | BC11: - | BD11: Ich erinnere mich zum Flohmarkt an der Elbe zu gehen | BE11: Nein | BF11: kein | BG11: Ja | BH11: Ein Freund | BI11: Ja | BJ11: Flohmarkt an Elbe | BK11: Ja | BL11: Auf Flohmarkt gehen | BM11: Ja | BN11: DDR Schallplatte | BO11: Ja | BP11: Herbst | BQ11: Nein | BR11: keine | BS11: Ja | BT11: Entspannt | BU11: 89% | BV11: Entspannung | BW11: Stimme zu | BX11: Stimme nicht zu | BY11: Stimme nicht zu | BZ11: Stimme zu | CA11: Stimme zu | CB11: Stimme überhaupt nicht zu | CC11: Stimme nicht zu | CD11: Stimme völlig zu | CE11: Stimme zu | CF11: Stimme nicht zu | CH11: Stimme zu | CI11: Stimme nicht zu | CJ11: Stimme nicht zu | CK11: Stimme zu | CL11: Stark | CM11: Mäßig | CN11: Ein wenig | CO11: 58.86646 | CP11: 48.215098 | CQ11: 121.867 | CR11: 0.55781818 | CS11: 0.013161301 | CT11: 0.025431658
A12: 11 | B12: Ucraine | C12: male | D12: 29 | E12: TE0+HF+6 | F12: 17.12.2025 | G12: 0.549375 | H12: 0.55416667 | I12: 0.55555556 | J12: 95.982435 | K12: 122.20569 | L12: 58.133448 | M12: 0.51383908 | N12: 0.0092462537 | O12: 0.023102987 | P12: 0.55556713 | Q12: 0.556875 | R12: 6 | S12: 5 | T12: 95.542726 | U12: 90.801878 | V12: 56.582317 | W12: 0.47170732 | X12: 0.010096111 | Y12: 0.024947705 | Z12: 0.55694444 | AA12: 0.55833333 | AB12: 492.76952 | AD12: 41.458097 | AE12: 0.5033871 | AF12: 0.010665255 | AG12: 0.028770201 | AH12: 0.55834491 | AI12: 0.55930556 | AJ12: 5 | AK12: 4 | AL12: 74.05919 | AM12: 666.99342 | AN12: 47.621412 | AO12: 0.51620588 | AP12: 0.0085482947 | AQ12: 0.025575822 | AR12: 0.55902778 | AS12: 0.56041667 | AT12: 56.868298 | AU12: 70.933935 | AV12: 239.13411 | AW12: 0.53866859 | AX12: 0.0089072575 | AY12: 0.017951624 | AZ12: 0.56041667 | BA12: 0.56597222 | BB12: Music soundss kind like typical LoFi mixtape | BC12: Masking music | BD12: Jus a picture of the animation girls which is doing their home work in a loop | BE12: No | BF12: None | BG12: Yes | BH12: "LoFi" girl. It is a common meme in the Internet | BI12: No | BJ12: None | BK12: No | BL12: None | BM12: No | BN12: None | BO12: Yes | BP12: Cozy evenings | BQ12: No | BR12: None | BS12: Yes | BT12: Pleasence | BU12: 50% | BV12: Yes, Pleasure | BW12: Strongly agree | BX12: Strongly disagree | BY12: Strongly agree | BZ12: Disagree | CA12: Strongly agree | CB12: Strongly disagree | CC12: Neither | CD12: Agree | CE12: Neither | CF12: Strongly disagree | CG12: Strongly agree | CH12: Agree | CI12: Disagree | CJ12: Strongly disagree | CK12: Strongly agree | CL12: A little | CM12: Not at all | CN12: Not at all | CO12: 50.587688 | CP12: 67.341562 | CQ12: 59.638391 | CR12: 0.47165517 | CS12: 0.010110255 | CT12: 0.024909402
A13: 12 | B13: China | C13: male | D13: 21 | E13: TE0 | F13: 17.12.2025 | G13: 0.6119213 | H13: 0.6125 | I13: 0.61388889 | J13: 61.295567 | K13: 72.9877 | L13: 60.423356 | M13: 0.49584444 | N13: 0.012477583 | O13: 0.033753018 | P13: 0.61390046 | Q13: 0.61444444 | R13: 3 | S13: 2 | T13: 689.14706 | U13: 707.90301 | V13: 23.360343 | W13: 0.45805714 | X13: 0.018095389 | Y13: 0.067008511 | Z13: 0.61458333 | AA13: 0.61597222 | AB13: 326.02341 | AC13: 457.16679 | AD13: 58.379244 | AE13: 0.44912195 | AF13: 0.018843732 | AG13: 0.051399581 | AH13: 0.61712963 | AI13: 0.61821759 | AJ13: 6 | AK13: 6 | AL13: 203.66637 | AM13: 186.71045 | AN13: 48.046781 | AO13: 0.49046875 | AP13: 0.020955462 | AQ13: 0.07300024 | AR13: 0.61805556 | AS13: 0.61944444 | AT13: 79.07268 | AU13: 17.242371 | AV13: 51.930468 | AW13: 0.45153247 | AX13: 0.017508414 | AY13: 0.061122486 | AZ13: 0.61944444 | BA13: 0.625 | BB13: no | BC13: none | BD13: Silently recite in one's mind | BE13: no | BF13: none | BG13: no | BH13: none | BI13: no | BJ13: none | BK13: no | BL13: none | BM13: no | BN13: none | BO13: no | BP13: none | BQ13: no | BR13: none | BS13: yes | BT13: nervous | BU13: 70 | BV13: peaceful | BW13: Agree | BX13: Neither | BY13: Disagree | BZ13: Agree | CA13: Agree | CB13: Neither | CC13: Disagree | CD13: Disagree | CE13: Agree | CF13: Disagree | CG13: Agree | CH13: Agree | CI13: Disagree | CJ13: Neither | CK13: Agree | CL13: Moderately | CM13: Not at all | CN13: Moderately | CO13: 161.56135 | CP13: 197.61685 | CQ13: 242.09793 | CR13: 0.52516923 | CS13: 0.01208686 | CT13: 0.026862907
A14: 13 | B14: China | C14: female | D14: 24 | E14: Te0-10 | F14: 18.12.2025 | G14: 0.4540162 | H14: 0.45416667 | I14: 0.45555556 | J14: 0 | L14: 662.32388 | M14: 0.52171723 | N14: 0.013284753 | O14: 0.023207747 | P14: 0.45556713 | Q14: 0.45658565 | R14: 7 | S14: 7 | T14: 511.82888 | U14: 518.03571 | V14: 43.527382 | W14: 0.52585294 | X14: 0.011391559 | Y14: 0.026479815 | Z14: 0.45659722 | AA14: 0.45797454 | AB14: 85.756046 | AC14: 28.221396 | AD14: 59.201489 | AE14: 0.50711111 | AF14: 0.010636856 | AG14: 0.023892531 | AH14: 0.45837963 | AI14: 0.45950231 | AJ14: 6 | AK14: 6 | AL14: 75.138956 | AM14: 30.159365 | AN14: 47.500543 | AO14: 0.49331429 | AP14: 0.010583043 | AQ14: 0.024663789 | AR14: 0.45972222 | AS14: 0.46111111 | AT14: 77.542598 | AU14: 71.809577 | AV14: 57.500711 | AW14: 0.53417778 | AX14: 0.010041834 | AY14: 0.022658033 | AZ14: 0.46111111 | BA14: 0.46805556 | BB14: yes,it is. | BC14: it reminds me of the busy traffic when I was in high school. | BD14: Every morning, mv father would drive me to school, and when the window was open, it sounded totally like that. | BE14: Yes | BF14: high schoool time reminds of the best age of me, which is innocent and beautiful, it feels like full of hope. | BG14: YES | BH14: my father,and all my classmates | BI14: yes | BJ14: the street to my high school | BK14: yes | BL14: attending class | BM14: yes | BN14: busy cars überall | BO14: yes | BP14: morning 6am to 8 am | BQ14: yes | BR14: busy nut intersting, bucause a new day gonna start | BS14: yes | BT14: hope! | BU14: 70 | BV14: yes,bright emotions. | BW14: Agree | BX14: Agree | BY14: Agree | BZ14: Neither | CA14: Disagree | CB14: Disagree | CC14: Neither | CD14: Agree | CE14: Strongly disagree | CF14: Neither | CG14: Neither | CH14: Neither | CI14: Agree | CJ14: Disagree | CK14: Neither | CL14: A lot | CM14: A little | CN14: Not at all | CO14: 59.953231 | CP14: 58.914205 | CQ14: 298.74301 | CR14: 0.53191975 | CS14: 0.014650259 | CT14: 0.023860975
A15: 14 | B15: France | C15: male | D15: 31 | E15: TE0+SL+10 | F15: 18.12.2025 | G15: 0.59328704 | H15: 0.59305556 | I15: 0.59444444 | J15: 139.05737 | K15: 126.47171 | L15: 52.709362 | M15: 0.56147826 | N15: 0.033144228 | O15: 0.056304299 | P15: 0.59445602 | Q15: 0.59565972 | R15: 7 | S15: 7 | T15: 87.299527 | U15: 85.870619 | V15: 50.249333 | W15: 0.51671795 | X15: 0.011729011 | Y15: 0.029301269 | Z15: 0.59583333 | AA15: 0.59722222 | AB15: 138.81868 | AC15: 125.78451 | AD15: 59.800523 | AE15: 0.51406818 | AF15: 0.011730483 | AG15: 0.027301901 | AH15: 0.5972338 | AI15: 0.59828704 | AJ15: 6 | AK15: 5 | AL15: 126.08697 | AM15: 143.17363 | AN15: 46.672647 | AO15: 0.509 | AP15: 0.011226017 | AQ15: 0.028007683 | AR15: 0.59791667 | AS15: 0.59930556 | AT15: 84.251298 | AU15: 78.056032 | AV15: 42.98225 | AW15: 0.4761875 | AX15: 0.010341687 | AY15: 0.02618674 | AZ15: 0.59930556 | BA15: 0.60208333 | BB15: no | BC15: none | BD15: none | BE15: no | BF15: none | BG15: none | BH15: none | BI15: no | BJ15: none | BK15: no | BL15: none | BM15: no | BN15: none | BO15: no | BP15: none | BQ15: no | BR15: none | BS15: no | BT15: none | BU15: 100 | BV15: none | BW15: Neither | BX15: Neither | BY15: Agree | BZ15: Disagree | CA15: Agree | CB15: Disagree | CC15: Agree | CD15: Disagree | CE15: Strongly disagree | CF15: Disagree | CG15: Neither | CH15: Agree | CI15: Agree | CJ15: Neither | CK15: Neither | CL15: A lot | CM15: Not at all | CN15: Not at all | CO15: 69.869549 | CP15: 62.136327 | CQ15: 118.10706 | CR15: 0.46564972 | CS15: 0.0089790097 | CT15: 0.019324403
A16: 15 | B16: China | C16: male | D16: 27 | E16: TE0+HF+6 | F16: 18.12.2025 | G16: 0.65177083 | H16: 0.65347222 | I16: 0.65486111 | J16: 54.111697 | K16: 44.05289 | L16: 60.410764 | M16: 0.50638202 | N16: 0.011863366 | O16: 0.03924332 | P16: 0.6550463 | Q16: 0.65631944 | R16: 7 | S16: 7 | T16: 95.051162 | U16: 43.312488 | V16: 54.274123 | W16: 0.5111358 | X16: 0.014837004 | Y16: 0.045323368 | Z16: 0.65633102 | AA16: 0.65770833 | AB16: 93.426125 | AC16: 64.01597 | AD16: 59.635195 | AE16: 0.56526437 | AF16: 0.011917082 | AG16: 0.038607169 | AH16: 0.65771991 | AI16: 0.65907407 | AJ16: 7 | AK16: 7 | AL16: 80.137478 | AM16: 43.059221 | AN16: 58.415465 | AO16: 0.4604186 | AP16: 0.014041934 | AQ16: 0.042519108 | AR16: 0.65902778 | AS16: 0.66041667 | AT16: 108.31609 | AU16: 55.935569 | AV16: 57.194753 | AW16: 0.50778824 | AX16: 0.013651923 | AY16: 0.041673233 | AZ16: 0.66041667 | BA16: 0.66527778 | BB16: no | BC16: none | BD16: peaceful forest | BE16: no | BF16: none | BG16: no | BH16: none | BI16: yes | BJ16: Dresden | BK16: yes | BL16: driving | BM16: yes | BN16: car | BO16: yes | BP16: morning | BQ16: yes | BR16: quiet | BS16: yes | BT16: peasedful | BU16: 10% | BV16: no | BW16: Agree | BX16: Strongly disagree | BY16: Strongly disagree | BZ16: Agree | CA16: Strongly agree | CB16: Strongly disagree | CC16: Disagree | CD16: Disagree | CE16: Strongly agree | CF16: Strongly disagree | CG16: Strongly agree | CH16: Strongly agree | CI16: Strongly disagree | CJ16: Strongly disagree | CK16: Agree | CL16: Moderately | CM16: Not at all | CN16: A little | CO16: 76.59003 | CP16: 68.328423 | CQ16: 198.66011 | CR16: 0.51236101 | CS16: 0.012465318 | CT16: 0.026907929
A17: 16 | B17: German | C17: female | D17: 63 | E17: TE0-10 | F17: 19.12.2025 | G17: 0.34951389 | H17: 0.34930556 | I17: 0.35069444 | J17: 54.990586 | K17: 49.808921 | L17: 51.262141 | M17: 0.46890141 | N17: 0.014058967 | O17: 0.042210856 | P17: 0.35070602 | Q17: 0.35186343 | R17: 6 | S17: 5 | T17: 42.192935 | U17: 57.011004 | V17: 51.074778 | W17: 0.51497222 | X17: 0.012705124 | Y17: 0.038846234 | Z17: 0.351875 | AA17: 0.35325231 | AB17: 47.291928 | AC17: 20.72208 | AD17: 58.963386 | AE17: 0.48272727 | AF17: 0.011797561 | AG17: 0.032964435 | AH17: 0.35326389 | AI17: 0.35393519 | AJ17: 5 | AK17: 4 | AL17: 44.834506 | AM17: 40.037104 | AN17: 28.296878 | AO17: 0.47146341 | AP17: 0.015142353 | AQ17: 0.052002757 | AR17: 0.35347222 | AS17: 0.35486111 | AT17: 65.429154 | AU17: 22.096802 | AV17: 60.163402 | AW17: 0.48951724 | AX17: 0.014258853 | AY17: 0.038384635 | AZ17: 0.35555556 | BA17: 0.36180556 | BB17: Landschaft | BC17: - | BD17: schöne Fahrt am Elbufer in Dresden mit dem Auto | BE17: ja | BF17: seltene schöne angenehme stressfreie Fahrt mit angenehmer Erinnerung | BG17: ja | BH17: meine Kinder | BI17: ja | BJ17: Elbufer in Dresden | BK17: ja | BL17: Fahrt mit Auto | BM17: ja | BN17: Auto | BO17: ja | BP17: abends | BQ17: ja | BR17: Gedenke: Wie schön ist Dresden! | BS17: ja | BT17: Angenehm | BU17: 70% | BV17: angenehm, beruhigend, gute Laune | BW17: Stimme völlig zu | BX17: Stimme überhaupt nicht zu | BY17: Stimme zu | BZ17: Stimme nicht zu | CA17: Stimme völlig zu | CB17: Stimme überhaupt nicht zu | CC17: Stimme zu | CD17: Weder noch | CE17: Stimme zu | CF17: Stimme überhaupt nicht zu | CH17: Stimme völlig zu | CI17: Stimme nicht zu | CJ17: Weder noch | CK17: Stimme völlig zu | CL17: Ein wenig | CM17: Stark | CN17: Gar nicht | CO17: 23.637601 | CP17: 20.465044 | CQ17: 271.399 | CR17: 0.50787879 | CS17: 0.008983638 | CT17: 0.018214293
A18: 17 | B18: India | C18: male | D18: 40 | E18: TE0+HF+6 | F18: 19.12.2025 | G18: 0.43765046 | H18: 0.43819444 | I18: 0.43958333 | J18: 378.97016 | K18: 650.32505 | L18: 57.753136 | M18: 0.54156818 | N18: 0.010456088 | O18: 0.024229404 | P18: 0.43959491 | Q18: 0.44069444 | R18: 6 | S18: 6 | T18: 437.41835 | U18: 486.81413 | V18: 46.139479 | W18: 0.48235616 | X18: 0.01014249 | Y18: 0.026456825 | Z18: 0.44097222 | AA18: 0.44236111 | AB18: 327.19992 | AC18: 450.91063 | AD18: 60.504067 | AE18: 0.51429213 | AF18: 0.0090628287 | AG18: 0.021967176 | AH18: 0.44237269 | AI18: 0.44357639 | AJ18: 6 | AK18: 5 | AL18: 389.61619 | AM18: 570.52202 | AN18: 60.243318 | AO18: 0.46470455 | AP18: 0.0094323482 | AQ18: 0.022534473 | AR18: 0.44375 | AS18: 0.44513889 | AT18: 528.77498 | AU18: 699.0217 | AV18: 60.618227 | AW18: 0.49886364 | AX18: 0.0073596236 | AY18: 0.018990318 | AZ18: 0.44513889 | BA18: 0.45277778 | BB18: Sound | BC18: Wind and running vehicle's sound. | BD18: It trigeer my driving experience. I can hear the same sounds whiloe driving. | BE18: Yes | BF18: These sounds are a part of my daily life. | BG18: No | BH18: none | BI18: Yes | BJ18: The sounds are from the same place where all the vehicles are passing through. | BK18: Yes | BL18: Driving | BM18: Yes | BN18: Cars | BO18: Yes | BP18: It may be afternoon | BQ18: No | BR18: none | BS18: No | BT18: none | BU18: 90 | BV18: no | BW18: Disagree | BX18: Neither | BY18: Disagree | BZ18: Agree | CA18: Disagree | CB18: Disagree | CC18: Disagree | CD18: Disagree | CE18: Disagree | CF18: Neither | CG18: Disagree | CH18: Disagree | CI18: Agree | CJ18: Neither | CK18: Neither | CL18: Moderately | CM18: A little | CN18: A lot | CO18: 386.85349 | CP18: 565.77537 | CQ18: 330.20027 | CR18: 0.50916102 | CS18: 0.0084679717 | CT18: 0.015825458
A19: 18 | B19: China | C19: male | D19: 25 | E19: TE0 | F19: 19.12.2025 | G19: 0.57206019 | H19: 0.57152778 | I19: 0.57291667 | J19: 0 | L19: 36.966604 | M19: 0.60018868 | N19: 0.01019217 | O19: 0.020062579 | P19: 0.57292824 | Q19: 0.57341435 | R19: 3 | S19: 2 | T19: 618.83762 | U19: 1015.7191 | V19: 20.3702 | W19: 0.5346 | X19: 0.010673475 | Y19: 0.025290355 | Z19: 0.57361111 | AA19: 0.575 | AB19: 346.63917 | AC19: 455.0457 | AD19: 58.639191 | AE19: 0.51898876 | AF19: 0.010423148 | AG19: 0.020408637 | AH19: 0.57517361 | AI19: 0.57646991 | AJ19: 7 | AK19: 7 | AL19: 182.60523 | AM19: 255.1797 | AN19: 55.003071 | AO19: 0.58011905 | AP19: 0.010529822 | AQ19: 0.021413099 | AR19: 0.57638889 | AS19: 0.57777778 | AT19: 389.93455 | AU19: 422.25821 | AV19: 55.543452 | AW19: 0.53604762 | AX19: 0.012284846 | AY19: 0.024894989 | AZ19: 0.57777778 | BA19: 0.58472222 | BB19: Soundscape | BC19: - | BD19: like when I about to cross the street | BE19: no | BF19: none | BG19: no | BH19: none | BI19: Yes | BJ19: like when i cross the street to play basketball at my home | BK19: yes | BL19: playing basketball | BM19: yes | BN19: basketball | BO19: no | BP19: no | BQ19: yes | BR19: more or less like what kind of training i need to do in the basketball court | BS19: yes | BT19: mostly relaxed | BU19: 40 | BV19: not really, maybe abit homesick | BW19: Neither | BX19: Agree | BY19: Neither | BZ19: Neither | CA19: Disagree | CB19: Agree | CC19: Neither | CD19: Neither | CE19: Strongly disagree | CF19: Neither | CG19: Neither | CH19: Neither | CI19: Agree | CJ19: Neither | CK19: Disagree | CL19: Dominates completely | CM19: Not at all | CN19: A little | CO19: 260.15676 | CP19: 358.45518 | CQ19: 299.28628 | CR19: 0.48286897 | CS19: 0.0094848332 | CT19: 0.016767805
A20: 19 | B20: Singapore | C20: male | D20: 19 | E20: TE0+SL+10 | F20: 19.12.2025 | G20: 0.64271991 | H20: 0.64236111 | I20: 0.64375 | J20: 408.92773 | K20: 541.20542 | L20: 44.186281 | M20: 0.4810625 | N20: 0.017704922 | O20: 0.045801569 | P20: 0.64391204 | Q20: 0.64517361 | R20: 7 | S20: 6 | T20: 72.812415 | U20: 55.721635 | V20: 55.640727 | W20: 0.50592208 | X20: 0.012794281 | Y20: 0.036739828 | Z20: 0.64518519 | AA20: 0.6465625 | AB20: 118.29955 | AC20: 125.36163 | AD20: 59.555906 | AE20: 0.54312941 | AF20: 0.014739848 | AG20: 0.037532223 | AH20: 0.64666667 | AI20: 0.64715278 | AJ20: 4 | AK20: 3 | AL20: 605.39838 | AM20: 569.70694 | AN20: 20.702 | AO20: 0.5302 | AP20: 0.019544233 | AQ20: 0.075362092 | AR20: 0.64722222 | AS20: 0.64861111 | AT20: 88.398699 | AU20: 89.194646 | AV20: 59.959908 | AW20: 0.5285977 | AX20: 0.014982409 | AY20: 0.039478637 | AZ20: 0.65347222 | BA20: 0.65763889 | BB20: no | BC20: no | BD20: I was not focusing on the video or sound instead I focus more on trying to remember the number but at a certain point its just get hard to remember as the number is getting more and more | BE20: yes | BF20: I think its very interesting as it is trying to test my memory | BG20: no | BH20: no | BI20: no | BJ20: no | BK20: no | BL20: no | BM20: noi | BN20: no | BO20: no | BP20: no | BQ20: no | BR20: no | BS20: no | BT20: no | BU20: 80 | BV20: no | BW20: Neither | BX20: Neither | BY20: Neither | BZ20: Neither | CA20: Agree | CB20: Disagree | CC20: Neither | CD20: Agree | CE20: Disagree | CF20: Neither | CG20: Neither | CH20: Agree | CI20: Disagree | CJ20: Disagree | CK20: Neither | CL20: Moderately | CM20: Not at all | CN20: Not at all | CO20: 90.947752 | CP20: 111.83406 | CQ20: 177.97811 | CR20: 0.516583 | CS20: 0.012012701 | CT20: 0.025616455
A21: 20 | B21: China | C21: male | D21: 23 | E21: TE0-10 | F21: 06.01.2026 | G21: 0.5500463 | H21: 0.55 | I21: 0.55138889 | J21: 69.633047 | L21: 52.071593 | M21: 0.51718644 | N21: 0.025446171 | O21: 0.090734585 | P21: 0.55140046 | Q21: 0.5525 | R21: 6 | S21: 6 | T21: 31.748965 | U21: 17.894133 | V21: 45.076 | W21: 0.46807143 | X21: 0.020191376 | Y21: 0.084705176 | Z21: 0.55277778 | AA21: 0.55416667 | AB21: 81.456078 | AC21: 76.091164 | AD21: 57.441944 | AE21: 0.42466667 | AF21: 0.020340098 | AG21: 0.073303923 | AH21: 0.55434028 | AI21: 0.55563657 | AJ21: 7 | AK21: 7 | AL21: 89.689895 | AM21: 104.48616 | AN21: 51.562837 | AO21: 0.45976744 | AP21: 0.035880088 | AQ21: 0.12902677 | AR21: 0.55555556 | AS21: 0.55694444 | AT21: 59.518392 | AU21: 68.37057 | AV21: 49.452633 | AW21: 0.4825 | AX21: 0.021784478 | AY21: 0.085931764 | AZ21: 0.55694444 | BA21: 0.5625 | BB21: soundscape | BC21: No | BD21: No | BE21: No | BF21: No | BG21: No | BH21: No | BI21: No | BJ21: No | BK21: No | BL21: No | BM21: No | BN21: No | BO21: No | BP21: No | BQ21: No | BR21: No | BS21: No | BT21: No | BU21: 80% | BV21: a little bit annoying | BW21: Strongly disagree | BX21: Agree | BY21: Disagree | BZ21: Disagree | CA21: Strongly disagree | CB21: Agree | CC21: Agree | CD21: Strongly agree | CE21: Strongly disagree | CF21: Agree | CG21: Disagree | CH21: Strongly agree | CI21: Agree | CJ21: Neither | CK21: Disagree | CL21: A lot | CM21: Not at all | CN21: A little | CO21: 117.51266 | CP21: 157.41709 | CQ21: 222.94763 | CR21: 0.58472539 | CS21: 0.027823753 | CT21: 0.072024976
A22: 21 | B22: China | C22: male | D22: 23 | E22: TE0 | F22: 07.01.2026 | G22: 0.41842593 | H22: 0.41805556 | I22: 0.41944444 | J22: 421.9149 | K22: 610.71067 | L22: 43.20503 | M22: 0.48121212 | N22: 0.013535781 | O22: 0.031431934 | P22: 0.41988426 | Q22: 0.42114583 | R22: 8 | S22: 8 | T22: 111.94031 | U22: 118.16959 | V22: 54.472582 | W22: 0.50635443 | X22: 0.012567983 | Y22: 0.027265328 | Z22: 0.42115741 | AA22: 0.42253472 | AB22: 86.481867 | AC22: 72.50541 | AD22: 60.868 | AE22: 0.46444944 | AF22: 0.011660738 | AG22: 0.025244534 | AH22: 0.42396991 | AI22: 0.42515046 | AJ22: 7 | AK22: 7 | AL22: 352.49218 | AM22: 443.79513 | AN22: 49.356274 | AO22: 0.6310411 | AP22: 0.014668065 | AQ22: 0.037050114 | AR22: 0.425 | AS22: 0.42638889 | AT22: 135.96506 | AU22: 117.57078 | AV22: 52.804104 | AW22: 0.51657143 | AX22: 0.013247629 | AY22: 0.038484062 | AZ22: 0.42638889 | BA22: 0.43263889 | BB22: nein | BC22: nein | BD22: nein | BE22: nein | BF22: keine | BG22: ja | BH22: man auf der strasse | BI22: nein | BJ22: keine | BK22: ja | BL22: gehen zur universität | BM22: nein | BN22: keine | BO22: ja | BP22: morgen oder abend | BQ22: nein | BR22: keine | BS22: ja | BT22: nervous | BU22: 90 | BV22: nervous | BW22: Stimme überhaupt nicht zu | BX22: Weder noch | BY22: Stimme zu | BZ22: Stimme nicht zu | CA22: Stimme überhaupt nicht zu | CB22: Stimme völlig zu | CC22: Stimme zu | CD22: Stimme nicht zu | CE22: Stimme nicht zu | CF22: Stimme zu | CH22: Weder noch | CI22: Stimme zu | CJ22: Stimme zu | CK22: Stimme nicht zu | CL22: Stark | CM22: Ein wenig | CN22: Gar nicht | CO22: 83.791024 | CP22: 97.92762 | CQ22: 269.52745 | CR22: 0.51584264 | CS22: 0.011485169 | CT22: 0.022519831
A23: 22 | B23: China | C23: female | D23: 25 | E23: TE0+HF+6 | F23: 07.01.2027 | G23: 0.63670139 | H23: 0.63680556 | I23: 0.63819444 | J23: 93.682252 | K23: 113.88262 | L23: 60.224348 | M23: 0.50143478 | N23: 0.013657036 | O23: 0.026105501 | P23: 0.63836806 | Q23: 0.63961806 | R23: 8 | S23: 8 | T23: 47.79923 | U23: 47.041806 | V23: 53.247086 | W23: 0.47004938 | X23: 0.015552233 | Y23: 0.026521528 | Z23: 0.63962963 | AA23: 0.64100694 | AB23: 74.45479 | AC23: 72.628188 | AD23: 61.061724 | AE23: 0.45931034 | AF23: 0.014276309 | AG23: 0.023534321 | AH23: 0.64101852 | AI23: 0.64165509 | AJ23: 5 | AK23: 4 | AL23: 321.02036 | AM23: 481.04068 | AN23: 26.414488 | AO23: 0.53317073 | AP23: 0.015493464 | AQ23: 0.030081663 | AR23: 0.64166667 | AS23: 0.64305556 | AT23: 91.452746 | AU23: 107.1015 | AV23: 60.1304 | AW23: 0.51568889 | AX23: 0.012578211 | AY23: 0.022965029 | AZ23: 0.64305556 | BA23: 0.66041667 | BB23: Geräusch | BC23: Ich stand auf ein Fußgängerüberführung in Peking | BD23: Ich guckte nach unten, da fahrten viele Autos hin und her. Es war im Winter und der Wind war laut. Auch viele Leute lauften hinter mir. Rund um Fußgängerüberführung standen viele hohe Gebäude. | BE23: Nein | BF23: keine | BG23: Nein | BH23: keine | BI23: Ja | BJ23: Die Straße vor der Bibliothek SLUB | BK23: Ja | BL23: Winterspaziergang in Berlin | BM23: Ja | BN23: Ein Glaskugel | BO23: Ja | BP23: Oktober und November | BQ23: Ja | BR23: Ob das Leben zirkulär oder linear läuft | BS23: Ja | BT23: ruhe, gelassen | BU23: 70% | BV23: Ja. Melancholie | BW23: Weder noch | BX23: Weder noch | BY23: Stimme nicht zu | BZ23: Stimme nicht zu | CA23: Stimme nicht zu | CB23: Stimme zu | CC23: Stimme zu | CD23: Stimme zu | CE23: Stimme überhaupt nicht zu | CF23: Stimme zu | CH23: Stimme nicht zu | CI23: Stimme zu | CJ23: Stimme zu | CK23: Stimme nicht zu | CL23: Stark | CM23: Mäßig | CN23: Ein wenig | CO23: 220.15426 | CP23: 157.5997 | CQ23: 749.24445 | CR23: 0.53037547 | CS23: 0.013995342 | CT23: 0.02274451
A24: 23 | B24: China | C24: male | D24: 25 | E24: TE0-10 | F24: 08.01.2026 | G24: 0.58777778 | H24: 0.5875 | I24: 0.58888889 | J24: 27.907432 | K24: 14.90724 | L24: 46.991086 | M24: 0.48117143 | N24: 0.018584538 | O24: 0.045992572 | P24: 0.58917824 | Q24: 0.59041667 | R24: 7 | S24: 7 | T24: 31.867769 | U24: 20.4012 | V24: 52.397282 | W24: 0.5135641 | X24: 0.017272415 | Y24: 0.040729672 | Z24: 0.59041667 | AA24: 0.59180556 | AB24: 49.834608 | AC24: 59.166626 | AD24: 58.357576 | AE24: 0.50910588 | AF24: 0.015305189 | AG24: 0.03574418 | AH24: 0.59181713 | AI24: 0.59293981 | AJ24: 6 | AK24: 5 | AL24: 35.348119 | AM24: 26.019886 | AN24: 48.35371 | AO24: 0.51797101 | AP24: 0.016824906 | AQ24: 0.042316796 | AR24: 0.59236111 | AS24: 0.59375 | AT24: 45.962145 | AU24: 39.076847 | AV24: 34.368122 | AW24: 0.46277551 | AX24: 0.019296209 | AY24: 0.052978676 | AZ24: 0.59375 | BA24: 0.59930556 | BB24: No | BC24: No | BD24: No | BE24: No | BF24: No | BG24: No | BH24: No | BI24: No | BJ24: No | BK24: No | BL24: No | BM24: No | BN24: No | BO24: No | BP24: No | BQ24: Yes | BR24: like i am studying in my high school | BS24: Yes | BT24: chill feeling | BU24: 60 | BV24: yes, i feel relaxed | BW24: Agree | BX24: Strongly disagree | BY24: Agree | BZ24: Strongly agree | CA24: Strongly agree | CB24: Strongly disagree | CC24: Strongly disagree | CD24: Strongly disagree | CE24: Neither | CF24: Strongly disagree | CG24: Agree | CH24: Agree | CI24: Strongly disagree | CJ24: Strongly disagree | CK24: Agree | CL24: Not at all | CM24: Moderately | CN24: Not at all | CO24: 43.642797 | CP24: 47.437773 | CQ24: 234.62005 | CR24: 0.54773115 | CS24: 0.023082582 | CT24: 0.041342915
A25: 24 | B25: China | C25: male | D25: 27 | E25: TE0 | F25: 08.01.2027 | G25: 0.73119213 | H25: 0.73125 | I25: 0.73263889 | J25: 127.39612 | K25: 178.73703 | L25: 62.339231 | M25: 0.48874725 | N25: 0.014187757 | O25: 0.02614585 | P25: 0.73545139 | Q25: 0.73659722 | R25: 7 | S25: 7 | T25: 112.43668 | U25: 183.36942 | V25: 48.741413 | W25: 0.50432 | X25: 0.012082803 | Y25: 0.023901626 | Z25: 0.73659722 | AA25: 0.73798611 | AB25: 107.5331 | AC25: 141.54644 | AD25: 59.691701 | AE25: 0.42905747 | AF25: 0.012072084 | AG25: 0.023317592 | AH25: 0.73799769 | AI25: 0.7390162 | AJ25: 6 | AK25: 6 | AL25: 0 | AN25: 43.238812 | AO25: 0.53621875 | AP25: 0.013127191 | AQ25: 0.026163799 | AR25: 0.73888889 | AS25: 0.74027778 | AT25: 126.61971 | AU25: 178.20537 | AV25: 54.545575 | AW25: 0.52995 | AX25: 0.012118975 | AY25: 0.023567058 | AZ25: 0.74027778 | BA25: 0.74791667 | BB25: nein | BC25: nein | BD25: nein | BE25: Ja | BF25: wenn ich auf den Straße stehe | BG25: nein | BH25: keine | BI25: Nein | BJ25: keine | BK25: Nein | BL25: keine | BM25: Ja | BN25: Auto | BO25: Nein | BP25: Keine | BQ25: Nein | BR25: keine | BS25: Ja | BT25: Entspannend im Ferien | BU25: 95% | BV25: Ja,entspannend | BW25: Stimme zu | BX25: Stimme nicht zu | BY25: Stimme zu | BZ25: Weder noch | CA25: Weder noch | CB25: Stimme nicht zu | CC25: Weder noch | CD25: Stimme zu | CE25: Stimme nicht zu | CF25: Stimme nicht zu | CH25: Stimme zu | CI25: Stimme zu | CJ25: Weder noch | CK25: Stimme zu | CL25: Stark | CM25: Gar nicht | CN25: Ein wenig | CO25: 313.33754 | CP25: 417.5169 | CQ25: 333.44239 | CR25: 0.48533051 | CS25: 0.014782487 | CT25: 0.023458307
A26: 25 | B26: Taiwan | C26: female | D26: 30 | E26: TE0+HF+6 | F26: 09.01.2026 | G26: 0.4394213 | H26: 0.43958333 | I26: 0.44097222 | J26: 234.89769 | K26: 329.87825 | L26: 59.85608 | M26: 0.45992 | N26: 0.024013931 | O26: 0.064246801 | P26: 0.44097222 | Q26: 0.44210648 | R26: 6 | S26: 5 | T26: 177.59512 | U26: 254.14303 | V26: 49.790059 | W26: 0.45070588 | X26: 0.020150059 | Y26: 0.05415125 | Z26: 0.44210648 | AA26: 0.44349537 | AB26: 111.59514 | AC26: 141.47019 | AD26: 58.973692 | AE26: 0.48382418 | AF26: 0.013685099 | AG26: 0.039394885 | AH26: 0.44363426 | AI26: 0.44479167 | AJ26: 6 | AK26: 6 | AL26: 94.686906 | AM26: 103.68856 | AN26: 49.441342 | AO26: 0.50827397 | AP26: 0.013815792 | AQ26: 0.040475045 | AR26: 0.44444444 | AS26: 0.44583333 | AT26: 480.83261 | AU26: 680 | AV26: 42.978676 | AW26: 0.54241176 | AX26: 0.013694321 | AY26: 0.041240878 | AZ26: 0.44583333 | BA26: 0.45277778 | BB26: Geraüsch | BC26: leer lassen | BD26: wie zu Hause | BE26: Nein | BF26: keine | BG26: Nein | BH26: keine | BI26: Ja | BJ26: in unterwegs | BK26: Nein | BL26: keine | BM26: Nein | BN26: keine | BO26: ja | BP26: An Mongens | BQ26: Nein | BR26: keine | BS26: Ja | BT26: Rühig | BU26: 90% | BV26: Nien | BW26: Stimme zu | BX26: Stimme zu | BY26: Stimme völlig zu | BZ26: Weder noch | CA26: Stimme völlig zu | CB26: Weder noch | CC26: Weder noch | CD26: Weder noch | CE26: Weder noch | CF26: Stimme zu | CH26: Stimme nicht zu | CI26: Stimme nicht zu | CJ26: Stimme überhaupt nicht zu | CK26: Stimme völlig zu | CL26: Gar nicht | CM26: Mäßig | CN26: Vollständig dominierend | CO26: 414.25839 | CP26: 567.12013 | CQ26: 297.29417 | CR26: 0.46648677 | CS26: 0.019794224 | CT26: 0.038059217

Sheet S2 Datalog + Results
A1: ID | B1: Nationality | C1: Gender | D1: Age | E1: Audio file | F1: Date | G1: Start Physiological recording | H1: #1 Start 1.Baseline S2 | I1: #2 End 1.Baseline S2 | J1: #1 ECG - SDNN | K1: ECG - RMSSD | L1: #2 EDA - SCR onset | M1: # 3 EDA - SCR latency or rise time | N1: #4 EDA - SCR peak amplitude | O1: # 5 EDA - SCR peak prominence | P1: Start DSP FW S2 | Q1: End DSP FW S2 | R1: Trials DSP FW | S1: Correct trials DSP FW | T1: #6 ECG - SDNN | U1: ECG - RMSSD | V1: #7 EDA - SCR onset | W1: # 8 EDA - SCR latency or rise time | X1: #9 EDA - SCR peak amplitude | Y1: # 10 EDA - SCR peak prominence | Z1: #3 Start 2.Baseline S2 | AA1: #4 End 2. Baseline S2 | AB1: #11 ECG - SDNN | AC1: ECG - RMSSD | AD1: #12 EDA - SCR onset | AE1: # 13 EDA - SCR latency or rise time | AF1: #14 EDA - SCR peak amplitude | AG1: # 15 EDA - SCR peak prominence | AH1: Start DSP BW S2 | AI1: End DSP BW S2 | AJ1: Trials DSP BW | AK1: Correct trials DSP BW | AL1: #16 ECG - SDNN | AM1: ECG - RMSSD | AN1: #17 EDA - SCR onset | AO1: # 18 EDA - SCR latency or rise time | AP1: #19 EDA - SCR peak amplitude | AQ1: # 20 EDA - SCR peak prominence | AR1: #5 Start 3. Baseline S2 | AS1: #6 End 3. Baseline S2 | AT1: #21 ECG - SDNN | AU1: ECG - RMSSD | AV1: #22 EDA - SCR onset | AW1: # 23 EDA - SCR latency or rise time | AX1: #24 EDA - SCR peak amplitude | AY1: # 25 EDA - SCR peak prominence | AZ1: Start Memo S2 | BA1: End Memo S2 | BB1: AIsYourMemoryTriggeredByASpecificSoundOrOverallSoundscapeSoundS | BC1: IfSoundPleaseSpecifyleaveBlankIfNotApplicable | BD1: BDescribeYourMemoryInAsMuchDetailAsPossible | BE1: CIsThisAMeaningfulEventYesNo | BF1: IfYesSpecifyOtherwiseWriteNone | BG1: DIsThisConnectedToAPersonYesNo | BH1: IfYesSpecifyOtherwiseWriteNone_1 | BI1: EIsThisAssociatedWithAPlaceYesNo | BJ1: IfYesSpecifyOtherwiseWriteNone_2 | BK1: FIsThisLinkedToAnActivityYesNo | BL1: IfYesSpecifyOtherwiseWriteNone_3 | BM1: GIsThisAssociatedWithAnObjectYesNo | BN1: IfYesSpecifyOtherwiseWriteNone_4 | BO1: HIsThisConnectedToASpecificTimeYesNo | BP1: IfYesSpecifyOtherwiseWriteNone_5 | BQ1: IIsThisAssociatedWithAThoughtYesNo | BR1: IfYesSpecifyOtherwiseWriteNone_6 | BS1: JIsThisConnectedToAnEmotionYesNo | BT1: IfYesSpecifyOtherwiseWriteNone_7 | BU1: ToWhatExtentIsThePresentSoundEnvironmentAppropriateToThePlacePl | BV1: DoesTheSoundscapeEvokeAnyEmotionsIfYesWhichOnes | BW1: Agreement_PLEASANT | BX1: Agreement_CHAOTIC | BY1: Agreement_VIBRANT | BZ1: Agreement_UNEVENTFUL | CA1: Agreement_CALM | CB1: Agreement_ANNOYING | CC1: Agreement_EVENTFUL | CD1: Agreement_MONOTONOUS | CE1: Agreement_QUIET | CF1: Agreement_UNCOMFORTABLE | CG1: Agreement_COMFORTABLE | CH1: Agreement_NOTANNOYING | CI1: Agreement_NOISY | CJ1: Agreement_EXHAUSTING | CK1: Agreement_RELAXING | CL1: Intensity_MechanicalSounds | CM1: Intensity_HumanSounds | CN1: Intensity_NaturalSounds | CO1: #26 ECG - SDNN | CP1: ECG - RMSSD | CQ1: #27 EDA - SCR onset | CR1: # 28 EDA - SCR latency or rise time | CS1: #29 EDA - SCR peak amplitude | CT1: # 30 EDA - SCR peak prominence
A2: 1 | B2: Turkey | C2: male | D2: 36 | E2: TE0-10 | F2: 11.12.2025 | G2: 0.59134259 | H2: 0.60972222 | I2: 0.61111111 | J2: 147.93733 | K2: 200.66129 | L2: 59.441822 | M2: 0.52933333 | N2: 0.0077225964 | O2: 0.017420165 | P2: 0.61180556 | Q2: 0.61270833 | R2: 6 | S2: 6 | T2: 261.92319 | U2: 370.21375 | V2: 37.600806 | W2: 0.53574194 | X2: 0.0072646996 | Y2: 0.017733377 | Z2: 0.61271991 | AA2: 0.61388889 | AB2: 70.262611 | AC2: 79.126805 | AD2: 58.742048 | AE2: 0.53780723 | AF2: 0.0074955538 | AG2: 0.018533473 | AH2: 0.61417824 | AI2: 0.61556713 | AJ2: 7 | AK2: 7 | AL2: 82.991172 | AM2: 96.205885 | AN2: 58.397 | AO2: 0.56107317 | AP2: 0.0093612009 | AQ2: 0.022988518 | AR2: 0.61597222 | AS2: 0.61736111 | AT2: 242.08236 | AU2: 284.01268 | AV2: 61.115475 | AW2: 0.52215 | AX2: 0.010447813 | AY2: 0.025756345 | AZ2: 0.61736111 | BA2: 0.62083333 | BB2: NA | BC2: NA | BD2: NA | BE2: NA | BF2: NA | BG2: NA | BH2: NA | BI2: NA | BJ2: NA | BK2: NA | BL2: NA | BM2: NA | BN2: NA | BO2: NA | BP2: NA | BQ2: NA | BR2: NA | BS2: NA | BT2: NA | BU2: NA | BV2: NA | BW2: NA | BX2: NA | BY2: NA | BZ2: NA | CA2: NA | CB2: NA | CC2: NA | CD2: NA | CE2: NA | CF2: NA | CG2: NA | CH2: NA | CI2: NA | CJ2: NA | CK2: NA | CL2: NA | CM2: NA | CN2: NA | CO2: 122.17601 | CP2: 171.0452 | CQ2: 148.65485 | CR2: 0.54450926 | CS2: 0.0063667005 | CT2: 0.013953765
A3: 2 | B3: China | C3: male | D3: 24 | E3: TE0+Sim+10 | F3: 12.12.2025 | G3: 0.44652778 | H3: 0.46041667 | I3: 0.46180556 | J3: 134.58118 | K3: 127.46237 | L3: 59.790068 | M3: 0.53027273 | N3: 0.0071368789 | O3: 0.015277824 | P3: 0.46265046 | Q3: 0.46375 | R3: 7 | S3: 7 | T3: 184.71309 | U3: 164.88887 | V3: 81.583365 | W3: 0.4688254 | X3: 0.0070572413 | Y3: 0.01398159 | Z3: 0.46388889 | AA3: 0.46527778 | AB3: 111.59994 | AC3: 88.562302 | AD3: 60.129884 | AE3: 0.45488372 | AF3: 0.0076806238 | AG3: 0.016850844 | AH3: 0.46528935 | AI3: 0.46637731 | AJ3: 6 | AK3: 6 | AL3: 124.95847 | AM3: 54.753799 | AN3: 45.697808 | AO3: 0.52868493 | AP3: 0.0080011158 | AQ3: 0.018880168 | AR3: 0.46666667 | AS3: 0.46805556 | AT3: 178.81588 | AU3: 132.39301 | AV3: 60.499146 | AW3: 0.47986517 | AX3: 0.0076933201 | AY3: 0.017074239 | AZ3: 0.46805556 | BA3: 0.47291667 | BB3: yes | BC3: less nervous | BD3: the noise makes me nervous | BE3: yes | BF3: i don't know | BG3: no | BH3: none | BI3: yes | BJ3: road | BK3: no | BL3: none | BM3: yes | BN3: car | BO3: yes | BP3: walking on the street | BQ3: no | BR3: none | BS3: yes | BT3: uncomfortable | BU3: 80% | BV3: yes annoyed | BW3: Disagree | BX3: Agree | BY3: Disagree | BZ3: Agree | CA3: Strongly disagree | CB3: Agree | CC3: Disagree | CD3: Disagree | CE3: Strongly disagree | CF3: Agree | CG3: Disagree | CH3: Disagree | CI3: Strongly agree | CJ3: Strongly disagree | CK3: Strongly disagree | CL3: Dominates completely | CM3: Not at all | CN3: A little | CO3: 120.11268 | CP3: 109.79692 | CQ3: 208.71599 | CR3: 0.48572638 | CS3: 0.0072828545 | CT3: 0.013451806
A4: 3 | B4: Singapore | C4: male | D4: 21 | E4: TE0+HF+6 | F4: 12.12.2025 | G4: 0.56918981 | H4: 0.58263889 | I4: 0.59097222 | J4: 399.31765 | K4: 534.7963 | L4: 360.74862 | M4: 0.50651613 | N4: 0.0065484379 | O4: 0.011662402 | P4: 0.59207176 | Q4: 0.59319444 | R4: 7 | S4: 7 | T4: 291.00161 | U4: 434.48808 | V4: 49.037352 | W4: 0.47738028 | X4: 0.0074712633 | Y4: 0.019127876 | Z4: 0.59320602 | AA4: 0.59458333 | AB4: 217.84454 | AC4: 274.00254 | AD4: 57.940773 | AE4: 0.59175 | AF4: 0.0083586693 | AG4: 0.019459388 | AH4: 0.59459491 | AI4: 0.59461806 | AJ4: 1 | AK4: 0 | AL4: 0 | AN4: 0 | AO4: 0 | AP4: 0 | AQ4: 0 | AR4: 0.59462963 | AS4: 0.59600694 | AT4: 82.104262 | AU4: 79.503607 | AV4: 59.150761 | AW4: 0.49506522 | AX4: 0.0079302976 | AY4: 0.018997364 | AZ4: 0.59583333 | BA4: 0.59861111 | BB4: yes | BC4: like classical music | BD4: i went to a classical music concert it sounded similar | BE4: no | BF4: none | BG4: no | BH4: none | BI4: yes | BJ4: a concert | BK4: yes | BL4: music performance | BM4: no | BN4: none | BO4: no | BP4: none | BQ4: no | BR4: none | BS4: no | BT4: none | BU4: 30 | BV4: no | BW4: Agree | BX4: Neither | BY4: Neither | BZ4: Disagree | CA4: Agree | CB4: Disagree | CC4: Neither | CD4: Neither | CE4: Disagree | CF4: Neither | CG4: Agree | CH4: Agree | CI4: Neither | CJ4: Neither | CK4: Neither | CL4: Moderately | CM4: A little | CN4: A little | CO4: 399.06317 | CP4: 517.69854 | CQ4: 111.41472 | CR4: 0.51445399 | CS4: 0.0075049365 | CT4: 0.01603621
A5: 4 | B5: China | C5: female | D5: 28 | E5: TE0-10 | F5: 15.12.2025 | G5: 0.46399306 | H5: 0.47777778 | I5: 0.47916667 | J5: 101.3302 | K5: 121.038 | L5: 57.852228 | M5: 0.5364557 | N5: 0.018817436 | O5: 0.051954867 | P5: 0.47938657 | Q5: 0.48068287 | R5: 8 | S5: 8 | T5: 104.3179 | U5: 120.97006 | V5: 57.237013 | W5: 0.55488608 | X5: 0.016915622 | Y5: 0.049337597 | Z5: 0.48069444 | AA5: 0.48207176 | AB5: 167.20132 | AC5: 243.46598 | AD5: 60.515636 | AE5: 0.50968831 | AF5: 0.016865479 | AG5: 0.050305167 | AH5: 0.48326389 | AI5: 0.48428241 | AJ5: 7 | AK5: 6 | AN5: 44.826452 | AO5: 0.54287097 | AP5: 0.017381734 | AQ5: 0.05721839 | AR5: 0.48429398 | AS5: 0.4856713 | AT5: 192.87645 | AU5: 259.96164 | AV5: 58.830769 | AW5: 0.50138462 | AX5: 0.014893769 | AY5: 0.047317433 | AZ5: 0.48541667 | BA5: 0.48888889 | BB5: Soundscape | BC5: None | BD5: I feel it better. | BE5: No | BF5: None | BG5: No | BH5: None | BI5: No | BJ5: None | BK5: Yes | BL5: Historical Event | BM5: No | BN5: None | BO5: Yes | BP5: Some meaningful years | BQ5: No | BR5: None | BS5: No | BT5: None | BU5: 30% | BV5: Yes, peaceful. | BW5: Neither | BX5: Neither | BY5: Disagree | BZ5: Disagree | CA5: Agree | CB5: Disagree | CC5: Agree | CD5: Neither | CE5: Agree | CF5: Disagree | CG5: Agree | CH5: Neither | CI5: Disagree | CJ5: Disagree | CK5: Agree | CL5: Not at all | CM5: Moderately | CN5: Moderately | CO5: 261.74298 | CP5: 350.39098 | CQ5: 138.96897 | CR5: 0.52085246 | CS5: 0.011651432 | CT5: 0.027570822
A6: 5 | B6: German | C6: female | D6: 41 | E6: TE0+Sim+10 | F6: 15.12.2025 | G6: 0.56997685 | H6: 0.58055556 | I6: 0.58194444 | J6: 28.972654 | K6: 10.339274 | L6: 58.556133 | M6: 0.47933333 | N6: 0.0060679202 | O6: 0.015508198 | P6: 0.58261574 | Q6: 0.58356481 | R6: 6 | S6: 5 | T6: 308.2048 | U6: 407.62286 | V6: 39.627525 | W6: 0.50922034 | X6: 0.0069447329 | Y6: 0.019593465 | Z6: 0.58357639 | AA6: 0.5849537 | AB6: 33.550793 | AC6: 12.629758 | AD6: 48.813789 | AE6: 0.52852632 | AF6: 0.0063436717 | AG6: 0.017873394 | AH6: 0.58501157 | AI6: 0.58564815 | AJ6: 5 | AK6: 4 | AL6: 21.150519 | AM6: 16.472705 | AN6: 27.02278 | AO6: 0.51292683 | AP6: 0.0072101971 | AQ6: 0.023840529 | AR6: 0.58565972 | AS6: 0.58703704 | AT6: 21.969958 | AU6: 11.441075 | AV6: 58.695114 | AW6: 0.51556818 | AX6: 0.0063284513 | AY6: 0.017884752 | AZ6: 0.58680556 | BA6: 0.59027778 | BB6: soundscape | BC6: none | BD6: looking to a tv and hearing white noise | BE6: yes | BF6: 1980's television | BG6: no | BH6: none | BI6: yes | BJ6: living home of my firt home | BK6: yes | BL6: watching tv | BM6: yes | BN6: tv | BO6: yes | BP6: childhood | BQ6: no | BR6: none | BS6: yes | BT6: nervousness, axiety | BU6: 50% | BV6: nervousness, hectic | BW6: Disagree | BX6: Neither | BY6: Disagree | BZ6: Disagree | CA6: Disagree | CB6: Agree | CC6: Agree | CD6: Agree | CE6: Disagree | CF6: Neither | CG6: Neither | CH6: Disagree | CI6: Agree | CJ6: Agree | CK6: Disagree | CL6: Moderately | CM6: Not at all | CN6: Dominates completely | CO6: 29.986506 | CP6: 12.693112 | CQ6: 138.07837 | CR6: 0.48005882 | CS6: 0.0056512575 | CT6: 0.014101598
A7: 6 | B7: India | C7: male | D7: 28 | E7: TE0-10 | F7: 15.12.2025 | G7: 0.63626157 | H7: 0.64583333 | I7: 0.64791667 | J7: 92.388385 | K7: 88.920155 | L7: 89.808195 | M7: 0.5295188 | N7: 0.0041355701 | O7: 0.0078440294 | P7: 0.64792824 | Q7: 0.64930556 | R7: 7 | S7: 6 | T7: 92.642336 | U7: 96.45798 | V7: 59.121295 | W7: 0.48513636 | X7: 0.0063648068 | Y7: 0.010280178 | Z7: 0.64931713 | AA7: 0.65069444 | AB7: 91.29024 | AC7: 98.667714 | AD7: 58.876089 | AE7: 0.55055556 | AF7: 0.0046600175 | AG7: 0.0087585059 | AH7: 0.65070602 | AI7: 0.65200231 | AJ7: 7 | AK7: 6 | AL7: 60.928079 | AM7: 48.55955 | AN7: 55.338976 | AO7: 0.52834146 | AP7: 0.0050631018 | AQ7: 0.0087255142 | AR7: 0.65201389 | AS7: 0.65327546 | AT7: 87.844144 | AV7: 54.399025 | AW7: 0.509525 | AX7: 0.0052463005 | AY7: 0.0091657579 | AZ7: 0.65277778 | BA7: 0.65416667 | BB7: No | BC7: None | BD7: No | BE7: None | BF7: None | BG7: No | BH7: None | BI7: No | BJ7: None | BK7: No | BL7: None | BM7: No | BN7: None | BO7: No | BP7: None | BQ7: No | BR7: None | BS7: No | BT7: None | BU7: 95 | BV7: No | BW7: Disagree | BX7: Agree | BY7: Neither | BZ7: Disagree | CA7: Disagree | CB7: Agree | CC7: Agree | CD7: Agree | CE7: Strongly disagree | CF7: Agree | CG7: Disagree | CH7: Disagree | CI7: Agree | CJ7: Neither | CK7: Strongly disagree | CL7: Dominates completely | CM7: Not at all | CN7: A little | CO7: 158.53168 | CP7: 274.40751 | CQ7: 37.067214 | CR7: 0.52146429 | CS7: 0.0048705579 | CT7: 0.0089939769
A8: 7 | B8: German | C8: male | D8: 27 | E8: TE0 | F8: 16.12.2025 | G8: 0.45996528 | H8: 0.48194444 | I8: 0.48333333 | J8: 99.052153 | K8: 120.98148 | L8: 59.284565 | M8: 0.46715294 | N8: 0.012395531 | O8: 0.027485864 | P8: 0.48395833 | Q8: 0.48498843 | R8: 7 | S8: 6 | T8: 431.99072 | U8: 527.25741 | V8: 43.473373 | W8: 0.48173134 | X8: 0.012176046 | Y8: 0.032037796 | Z8: 0.485 | AA8: 0.48637731 | AB8: 71.663275 | AC8: 64.331696 | AD8: 58.908 | AE8: 0.54731818 | AF8: 0.0093997229 | AG8: 0.022936958 | AH8: 0.48638889 | AI8: 0.48743056 | AJ8: 7 | AK8: 6 | AL8: 607.42308 | AM8: 626.86601 | AN8: 44.545791 | AO8: 0.54501493 | AP8: 0.010443029 | AQ8: 0.029243915 | AR8: 0.4875 | AS8: 0.48888889 | AT8: 72.698338 | AU8: 46.109359 | AV8: 58.473218 | AW8: 0.51085057 | AX8: 0.0078349503 | AY8: 0.020876693 | AZ8: 0.48888889 | BA8: 0.49166667 | BB8: nein | BC8: keine | BD8: keine | BE8: nein | BF8: keine | BG8: nein | BH8: keine | BI8: ja | BJ8: Straße, laufen in der Stadt | BK8: ja | BL8: Fahrrad fahren, joggen | BM8: nein | BN8: keine | BO8: ja | BP8: Herbst, kältere Jahreszeit | BQ8: nein | BR8: keine | BS8: nein | BT8: keine | BU8: 100 | BV8: nein | BW8: Weder noch | BX8: Stimme nicht zu | BY8: Stimme zu | BZ8: Stimme zu | CA8: Stimme zu | CB8: Stimme zu | CC8: Stimme nicht zu | CD8: Stimme zu | CE8: Stimme zu | CF8: Stimme nicht zu | CH8: Stimme zu | CI8: Stimme nicht zu | CJ8: Stimme nicht zu | CK8: Stimme nicht zu | CL8: Vollständig dominierend | CM8: Gar nicht | CN8: Gar nicht | CO8: 56.58452 | CP8: 39.711322 | CQ8: 121.08181 | CR8: 0.56145029 | CS8: 0.0097711961 | CT8: 0.023078796
A9: 8 | B9: German | C9: female | D9: 24 | E9: TE0+HF+6 | F9: 16.12.2025 | G9: 0.58518519 | H9: 0.59791667 | I9: 0.59930556 | J9: 60.024712 | K9: 56.994097 | L9: 57.8305 | M9: 0.53404545 | N9: 0.011009462 | O9: 0.020429377 | P9: 0.59931713 | Q9: 0.60052083 | R9: 6 | S9: 6 | T9: 46.133338 | U9: 51.555241 | V9: 51.337947 | W9: 0.53176316 | X9: 0.011441449 | Y9: 0.021907663 | Z9: 0.60069444 | AA9: 0.60208333 | AB9: 61.786023 | AC9: 55.697192 | AD9: 58.426955 | AE9: 0.52861364 | AF9: 0.013825008 | AG9: 0.024426966 | AH9: 0.60209491 | AI9: 0.60322917 | AJ9: 6 | AK9: 6 | AL9: 43.848125 | AM9: 47.499 | AN9: 47.138806 | AO9: 0.49494444 | AP9: 0.011527182 | AQ9: 0.022834717 | AR9: 0.60347222 | AS9: 0.60486111 | AT9: 82.024689 | AU9: 67.561851 | AV9: 59.505378 | AW9: 0.52926667 | AX9: 0.011606412 | AY9: 0.022163466 | AZ9: 0.60486111 | BA9: 0.60694444 | BB9: Soundscape | BC9: Starkregen/Autobahn | BD9: Regen, der auf eine Straße prasselt | BE9: Nein | BF9: keine | BG9: Nein | BH9: keine | BI9: Nein | BJ9: keine | BK9: Nein | BL9: keine | BM9: Nein | BN9: keine | BO9: Ja | BP9: Nachts | BQ9: Ja | BR9: Nass! | BS9: Ja | BT9: Glücklich, dass es regnet | BU9: 10% | BV9: Neutral | BW9: Weder noch | BX9: Stimme nicht zu | BY9: Weder noch | BZ9: Stimme zu | CA9: Weder noch | CB9: Stimme nicht zu | CC9: Stimme nicht zu | CD9: Stimme zu | CE9: Stimme nicht zu | CF9: Weder noch | CH9: Weder noch | CI9: Stimme zu | CJ9: Stimme nicht zu | CK9: Weder noch | CL9: Mäßig | CM9: Gar nicht | CN9: Stark | CO9: 35.514037 | CP9: 41.015968 | CQ9: 88.46 | CR9: 0.53249612 | CS9: 0.01087577 | CT9: 0.020162681
A10: 9 | B10: Brazilien | C10: male | D10: 32 | E10: TE0-10 | F10: 17.12.2025 | G10: 0.38465278 | H10: 0.40138889 | I10: 0.40277778 | J10: 103.22783 | K10: 109.50714 | L10: 59.609348 | M10: 0.52186517 | N10: 0.0098882716 | O10: 0.018098933 | P10: 0.40297454 | Q10: 0.40423611 | R10: 8 | S10: 8 | T10: 97.856016 | U10: 123.17688 | V10: 54.681215 | W10: 0.48313924 | X10: 0.010533449 | Y10: 0.019448033 | Z10: 0.40424769 | AA10: 0.405625 | AB10: 60.550793 | AC10: 59.023451 | AD10: 58.836 | AE10: 0.5252809 | AF10: 0.011028602 | AG10: 0.020850107 | AH10: 0.40570602 | AI10: 0.40689815 | AJ10: 8 | AK10: 8 | AL10: 119.26346 | AM10: 164.56328 | AN10: 50.142553 | AO10: 0.52336842 | AP10: 0.0098985187 | AQ10: 0.01906895 | AR10: 0.40694444 | AS10: 0.40833333 | AT10: 124.07857 | AU10: 153.18817 | AV10: 59.819528 | AW10: 0.49451685 | AX10: 0.010895972 | AY10: 0.020191186 | AZ10: 0.40833333 | BA10: 0.41111111 | BB10: Nein | BC10: keine | BD10: Nein | BE10: Nein | BF10: keine | BG10: Neine | BH10: keine | BI10: Nein | BJ10: keine | BK10: Ja | BL10: Caminhar na rua de manhã / Walk on the street during morning | BM10: Nein | BN10: keine | BO10: Ja | BP10: Manhã / Morning | BQ10: Nein | BR10: keine | BS10: Ja | BT10: Não ter pressa / Not being in a hurry | BU10: 90 | BV10: Tranquilidade / Calmness | BW10: Stimme völlig zu | BX10: Stimme überhaupt nicht zu | BY10: Stimme nicht zu | BZ10: Weder noch | CA10: Stimme völlig zu | CB10: Stimme überhaupt nicht zu | CC10: Stimme nicht zu | CD10: Stimme zu | CE10: Stimme völlig zu | CF10: Stimme überhaupt nicht zu | CH10: Stimme völlig zu | CI10: Stimme überhaupt nicht zu | CJ10: Stimme überhaupt nicht zu | CK10: Stimme völlig zu | CL10: Vollständig dominierend | CM10: Gar nicht | CN10: Gar nicht | CO10: 76.611265 | CP10: 80.04681 | CQ10: 119.45838 | CR10: 0.52682873 | CS10: 0.011937561 | CT10: 0.021355976
A11: 10 | B11: German | C11: male | D11: 31 | E11: TE0+Sim+10 | F11: 17.12.2025 | G11: 0.44142361 | H11: 0.45555556 | I11: 0.45694444 | J11: 88.930777 | K11: 100.68459 | L11: 57.952299 | M11: 0.52744828 | N11: 0.0061750053 | O11: 0.015458208 | P11: 0.45695602 | Q11: 0.45833333 | R11: 7 | S11: 7 | T11: 88.221116 | U11: 116.38604 | V11: 59.451133 | W11: 0.52101205 | X11: 0.0059030899 | Y11: 0.015491912 | Z11: 0.45834491 | AA11: 0.45972222 | AB11: 113.45976 | AC11: 143.29451 | AD11: 58.422432 | AE11: 0.45981818 | AF11: 0.0061134167 | AG11: 0.014063071 | AH11: 0.45976852 | AI11: 0.46114583 | AJ11: 6 | AK11: 6 | AL11: 47.707183 | AM11: 39.601959 | AN11: 60.322136 | AO11: 0.53463636 | AP11: 0.0067768042 | AQ11: 0.015930407 | AR11: 0.46115741 | AS11: 0.4625 | AT11: 105.71434 | AU11: 131.16903 | AV11: 57.255899 | AW11: 0.52764557 | AX11: 0.012952765 | AY11: 0.033181802 | AZ11: 0.4625 | BA11: 0.46458333 | BB11: Geräusch | BC11: Musik | BD11: Ich sitze im Bus und Fahre zu erster eigener Wohnung | BE11: Ja | BF11: Umzug in erste eigene Wohnung | BG11: Nein | BH11: keine | BI11: Ja | BJ11: Göttingen (erste eigene Wohnung) | BK11: Ja | BL11: Umzug | BM11: Ja | BN11: Bus | BO11: Ja | BP11: Zeitpunkt des Umzugs | BQ11: Ja | BR11: Veränderung | BS11: Ja | BT11: Unsicherheit | BU11: 65% | BV11: Gemischte Gefühle | BW11: Weder noch | BX11: Stimme zu | BY11: Weder noch | BZ11: Stimme nicht zu | CA11: Stimme nicht zu | CB11: Stimme zu | CC11: Weder noch | CD11: Weder noch | CE11: Stimme nicht zu | CF11: Stimme zu | CH11: Stimme nicht zu | CI11: Stimme zu | CJ11: Stimme zu | CK11: Stimme nicht zu | CL11: Stark | CM11: Ein wenig | CN11: Mäßig | CO11: 87.262178 | CP11: 101.19858 | CQ11: 89.498985 | CR11: 0.52337879 | CS11: 0.010449777 | CT11: 0.019392527
A12: 11 | B12: Ucraine | C12: male | D12: 29 | E12: TE0+HF+6 | F12: 17.12.2025 | G12: 0.549375 | H12: 0.56597222 | I12: 0.56736111 | J12: 55.38565 | K12: 51.624601 | L12: 58.594588 | M12: 0.48762353 | N12: 0.01116892 | O12: 0.028358234 | P12: 0.56784722 | Q12: 0.56877315 | R12: 6 | S12: 5 | T12: 47.123286 | U12: 29.491224 | V12: 39.561705 | W12: 0.49091803 | X12: 0.0095332749 | Y12: 0.031502459 | Z12: 0.56878472 | AA12: 0.57016204 | AB12: 97.215537 | AC12: 96.376192 | AD12: 60.043205 | AE12: 0.48427273 | AF12: 0.0087875042 | AG12: 0.026411604 | AH12: 0.57021991 | AI12: 0.57155093 | AJ12: 5 | AK12: 4 | AL12: 53.571086 | AM12: 29.664415 | AN12: 56.964568 | AO12: 0.52518182 | AP12: 0.010059295 | AQ12: 0.028499165 | AR12: 0.5715625 | AS12: 0.57293981 | AT12: 84.553842 | AU12: 98.34189 | AV12: 60.424227 | AW12: 0.53593182 | AX12: 0.010167892 | AY12: 0.028355278 | AZ12: 0.57291667 | BA12: 0.57430556 | BB12: Soundscape | BC12: - | BD12: Just some random busy street | BE12: No | BF12: None | BG12: No | BH12: None | BI12: Yes | BJ12: Overall experience connected with the road busy road. Sound connects with the waterfall. | BK12: No | BL12: None | BM12: No | BN12: None | BO12: Yes | BP12: It looks for me like an evening during September | BQ12: No | BR12: None | BS12: Yes | BT12: Calm | BU12: 75% | BV12: It also awoke pleasent and calm emotions | BW12: Strongly agree | BX12: Disagree | BY12: Strongly agree | BZ12: Strongly disagree | CA12: Strongly agree | CB12: Strongly disagree | CC12: Neither | CD12: Agree | CE12: Disagree | CF12: Strongly disagree | CG12: Strongly agree | CH12: Agree | CI12: Neither | CJ12: Disagree | CK12: Strongly agree | CL12: A little | CM12: Not at all | CN12: Not at all | CO12: 78.697213 | CP12: 93.633668 | CQ12: 56.865733 | CR12: 0.50931111 | CS12: 0.011044214 | CT12: 0.029055298
A13: 12 | B13: China | C13: male | D13: 21 | E13: TE0 | F13: 17.12.2025 | G13: 0.6119213 | H13: 0.625 | I13: 0.62638889 | J13: 146.35931 | K13: 203.30756 | L13: 60.531402 | M13: 0.51970115 | N13: 0.015783228 | O13: 0.05229346 | P13: 0.62690972 | Q13: 0.62800926 | R13: 7 | S13: 7 | T13: 80.097685 | U13: 105.09453 | V13: 47.098 | W13: 0.51005797 | X13: 0.019626271 | Y13: 0.06329527 | Z13: 0.62802083 | AA13: 0.62939815 | AB13: 71.162071 | AC13: 73.4857 | AD13: 57.929667 | AE13: 0.5117381 | AF13: 0.016006218 | AG13: 0.05187966 | AH13: 0.63 | AI13: 0.63115741 | AJ13: 7 | AK13: 7 | AL13: 70.145731 | AM13: 89.909237 | AN13: 50.279914 | AO13: 0.41865714 | AP13: 0.019359916 | AQ13: 0.062312494 | AR13: 0.63125 | AS13: 0.63263889 | AT13: 73.512065 | AU13: 46.738442 | AV13: 60.356 | AW13: 0.50076744 | AX13: 0.015340486 | AY13: 0.049222397 | AZ13: 0.63263889 | BA13: 0.63472222 | BB13: no | BC13: none | BD13: no | BE13: no | BF13: none | BG13: no | BH13: none | BI13: yes | BJ13: road | BK13: no | BL13: none | BM13: no | BN13: none | BO13: yes | BP13: afternoon | BQ13: no | BR13: none | BS13: yes | BT13: calm | BU13: 80 | BV13: calm | BW13: Agree | BX13: Disagree | BY13: Neither | BZ13: Neither | CA13: Strongly agree | CB13: Disagree | CC13: Neither | CD13: Disagree | CE13: Agree | CF13: Disagree | CG13: Agree | CH13: Agree | CI13: Disagree | CJ13: Disagree | CK13: Agree | CL13: Moderately | CM13: Not at all | CN13: Moderately | CO13: 54.305612 | CP13: 76.61161 | CQ13: 90.409307 | CR13: 0.53388976 | CS13: 0.015597276 | CT13: 0.041756038
A14: 13 | B14: China | C14: female | D14: 24 | E14: TE0-10 | F14: 18.12.2025 | G14: 0.4540162 | H14: 0.46805556 | I14: 0.47013889 | J14: 74.766575 | K14: 71.705715 | L14: 88.320737 | M14: 0.51112782 | N14: 0.010351762 | O14: 0.020686952 | P14: 0.47015046 | Q14: 0.47115741 | R14: 7 | S14: 7 | T14: 59.862994 | U14: 45.457673 | V14: 43.49727 | W14: 0.44438095 | X14: 0.01100378 | Y14: 0.025793331 | Z14: 0.47116898 | AA14: 0.4725463 | AB14: 57.845127 | AC14: 50.144292 | AD14: 58.138341 | AE14: 0.51663636 | AF14: 0.010863113 | AG14: 0.023514958 | AH14: 0.47299769 | AI14: 0.4741088 | AJ14: 6 | AK14: 6 | AL14: 58.572687 | AM14: 43.746383 | AN14: 48.693324 | AO14: 0.53374648 | AP14: 0.012222349 | AQ14: 0.026400582 | AR14: 0.47430556 | AS14: 0.47569444 | AT14: 67.827056 | AU14: 42.241395 | AV14: 60.784386 | AW14: 0.45052273 | AX14: 0.010401121 | AY14: 0.022394288 | AZ14: 0.47569444 | BA14: 0.47986111 | BB14: yes | BC14: rainy morning | BD14: rainy morning, water on the ground, cars going by | BE14: no | BF14: none | BG14: yes | BH14: people go to work | BI14: no | BJ14: not exactly, it happens everywhere | BK14: yes | BL14: people may get late for job,because of the rainy weather | BM14: yes | BN14: busy cars still | BO14: yes | BP14: morning time 7am ca. | BQ14: yes | BR14: kind of sad, since I HATE RAINY DAYS | BS14: YES | BT14: a little bit exhausted and tired | BU14: 10 | BV14: yes sadness a bit maybe | BW14: Disagree | BX14: Agree | BY14: Neither | BZ14: Neither | CA14: Disagree | CB14: Agree | CC14: Neither | CD14: Disagree | CE14: Strongly disagree | CF14: Strongly agree | CG14: Strongly disagree | CH14: Strongly disagree | CI14: Strongly agree | CJ14: Agree | CK14: Strongly disagree | CL14: A lot | CM14: A little | CN14: Not at all | CO14: 52.875258 | CP14: 40.423663 | CQ14: 180.05641 | CR14: 0.52529057 | CS14: 0.010134128 | CT14: 0.018480852
A15: 14 | B15: France | C15: male | D15: 31 | E15: TE0+Sim+10 | F15: 18.12.2025 | G15: 0.59328704 | H15: 0.60208333 | I15: 0.60347222 | J15: 68.058551 | K15: 59.08381 | L15: 59.252644 | M15: 0.47971111 | N15: 0.0093325707 | O15: 0.021858011 | P15: 0.6034838 | Q15: 0.60465278 | R15: 7 | S15: 6 | T15: 69.452585 | U15: 62.404067 | V15: 51.1512 | W15: 0.56690667 | X15: 0.012832181 | Y15: 0.025997827 | Z15: 0.60466435 | AA15: 0.60555556 | AB15: 122.06931 | AC15: 148.59163 | AD15: 37.987803 | AE15: 0.53822951 | AF15: 0.012294254 | AG15: 0.029450768 | AH15: 0.60565972 | AI15: 0.60689815 | AJ15: 7 | AK15: 7 | AL15: 109.35474 | AM15: 95.627816 | AN15: 53.204247 | AO15: 0.48893827 | AP15: 0.010854588 | AQ15: 0.025731051 | AR15: 0.60694444 | AS15: 0.60833333 | AT15: 136.96917 | AU15: 170.06115 | AV15: 89.063 | AW15: 0.5168 | AX15: 0.19049578 | AY15: 0.30761615 | AZ15: 0.60833333 | BA15: 0.61180556 | BB15: no | BC15: - | BD15: none | BE15: none | BF15: none | BG15: none | BH15: none | BI15: no | BJ15: none | BK15: no | BL15: none | BM15: no | BN15: none | BO15: no | BP15: none | BQ15: no | BR15: none | BS15: no | BT15: none | BU15: 75 | BV15: melancholy | BW15: Neither | BX15: Agree | BY15: Agree | BZ15: Disagree | CA15: Neither | CB15: Agree | CC15: Agree | CD15: Strongly disagree | CE15: Strongly disagree | CF15: Neither | CG15: Disagree | CH15: Disagree | CI15: Strongly agree | CJ15: Neither | CK15: Disagree | CL15: A lot | CM15: Not at all | CN15: Not at all | CO15: 51.226679 | CP15: 44.795963 | CQ15: 149.3726 | CR15: 0.48688372 | CS15: 0.0082973927 | CT15: 0.015442218
A16: 15 | B16: China | C16: male | D16: 27 | E16: TE0+HF+6 | F16: 18.12.2025 | G16: 0.65177083 | H16: 0.66527778 | I16: 0.66736111 | J16: 88.774174 | K16: 76.664092 | L16: 99.909136 | M16: 0.58959091 | N16: 0.050355386 | O16: 0.12539389 | P16: 0.66869213 | Q16: 0.66981481 | R16: 7 | S16: 7 | T16: 76.771695 | U16: 89.179767 | V16: 48.699296 | W16: 0.4903662 | X16: 0.015636829 | Y16: 0.055546596 | Z16: 0.66982639 | AA16: 0.6712037 | AB16: 91.551106 | AC16: 90.137023 | AD16: 57.77507 | AE16: 0.54376744 | AF16: 0.013727686 | AG16: 0.045179472 | AH16: 0.67224537 | AI16: 0.6734375 | AJ16: 7 | AK16: 6 | AL16: 64.184431 | AM16: 71.951372 | AN16: 51.130459 | AO16: 0.5077027 | AP16: 0.013618764 | AQ16: 0.047234376 | AR16: 0.67361111 | AS16: 0.675 | AT16: 91.940186 | AU16: 67.353604 | AV16: 59.869753 | AW16: 0.49564045 | AX16: 0.012249647 | AY16: 0.039908507 | AZ16: 0.675 | BA16: 0.67916667 | BB16: sound | BC16: white noise | BD16: busy road | BE16: no | BF16: none | BG16: no | BH16: none | BI16: yes | BJ16: crossroad | BK16: yes | BL16: traffic jam | BM16: yes | BN16: cars | BO16: yes | BP16: morning | BQ16: yes | BR16: hoping but pushing | BS16: yes | BT16: a liitle nervous | BU16: 5% | BV16: nothing | BW16: Neither | BX16: Agree | BY16: Strongly disagree | BZ16: Neither | CA16: Neither | CB16: Neither | CC16: Neither | CD16: Neither | CE16: Disagree | CF16: Neither | CG16: Neither | CH16: Disagree | CI16: Agree | CJ16: Neither | CK16: Neither | CL16: A little | CM16: Not at all | CN16: A lot | CO16: 87.793386 | CP16: 87.339799 | CQ16: 177.2204 | CR16: 0.52351938 | CS16: 0.010388683 | CT16: 0.024435871
A17: 16 | B17: German | C17: female | D17: 63 | E17: TE0-10 | F17: 19.12.2025 | G17: 0.34951389 | H17: 0.36180556 | I17: 0.36319444 | J17: 34.819506 | K17: 23.492774 | L17: 58.70175 | M17: 0.46259091 | N17: 0.009285101 | O17: 0.024017294 | P17: 0.36320602 | Q17: 0.3643287 | R17: 6 | S17: 5 | T17: 26.648299 | U17: 18.95902 | V17: 47.714384 | W17: 0.52580822 | X17: 0.0090702936 | Y17: 0.023770616 | Z17: 0.36434028 | AA17: 0.36571759 | AB17: 58.104224 | AC17: 35.709943 | AD17: 58.074322 | AE17: 0.53963218 | AF17: 0.0082166754 | AG17: 0.020909167 | AH17: 0.36766204 | AI17: 0.36810185 | AJ17: 6 | AK17: 6 | AL17: 270.62397 | AM17: 297.72471 | AN17: 18.2796 | AO17: 0.49686667 | AP17: 0.010131288 | AQ17: 0.047057965 | AR17: 0.36811343 | AS17: 0.36949074 | AT17: 45.529794 | AU17: 15.81094 | AV17: 58.608907 | AW17: 0.50118605 | AX17: 0.012235137 | AY17: 0.030443822 | AZ17: 0.37083333 | BA17: 0.375 | BB17: landschaft | BC17: - | BD17: Schöne angenehme Fahrt am Elbufer in Dresden | BE17: ja | BF17: sehr angenehme Erinnerungen | BG17: ja | BH17: meine Kinder | BI17: ja | BJ17: Elbufer in Dresden | BK17: ja | BL17: Fahren mit Auto | BM17: ja | BN17: Auto | BO17: ja | BP17: Sommerabend | BQ17: ja | BR17: Wie schön ist Dresden | BS17: ja | BT17: glücklich, angenehm, | BU17: 70% | BV17: angenehm, glücklich | BW17: Stimme völlig zu | BX17: Stimme überhaupt nicht zu | BY17: Stimme zu | BZ17: Stimme nicht zu | CA17: Stimme völlig zu | CB17: Stimme überhaupt nicht zu | CC17: Stimme zu | CD17: Weder noch | CE17: Stimme zu | CF17: Stimme überhaupt nicht zu | CH17: Stimme völlig zu | CI17: Stimme überhaupt nicht zu | CJ17: Stimme überhaupt nicht zu | CK17: Stimme völlig zu | CL17: Mäßig | CM17: Gar nicht | CN17: Gar nicht | CO17: 31.612722 | CP17: 17.765162 | CQ17: 177.95786 | CR17: 0.47881395 | CS17: 0.0086898458 | CT17: 0.019185616
A18: 17 | B18: India | C18: male | D18: 40 | E18: TE0+HF+6 | F18: 19.12.2025 | G18: 0.43765046 | H18: 0.45277778 | I18: 0.45416667 | J18: 469.36824 | K18: 445.31667 | L18: 59.982568 | M18: 0.48293182 | N18: 0.0096248221 | O18: 0.022032367 | P18: 0.45469907 | Q18: 0.4559375 | R18: 7 | S18: 7 | T18: 376.95175 | U18: 449.33383 | V18: 53.353125 | W18: 0.562675 | X18: 0.0093340204 | Y18: 0.022042542 | Z18: 0.45594907 | AA18: 0.45694444 | AB18: 0 | AD18: 42.182179 | AE18: 0.49970149 | AF18: 0.0099057737 | AG18: 0.023812672 | AH18: 0.45711806 | AI18: 0.45820602 | AJ18: 6 | AK18: 6 | AL18: 393.21523 | AM18: 538.54074 | AN18: 46.299284 | AO18: 0.4681791 | AP18: 0.0075204967 | AQ18: 0.020216618 | AR18: 0.45833333 | AS18: 0.45972222 | AT18: 315.70701 | AU18: 431.41275 | AV18: 57.835419 | AW18: 0.51086047 | AX18: 0.0098738289 | AY18: 0.022415475 | AZ18: 0.45972222 | BA18: 0.46527778 | BB18: Sound | BC18: Wind sound | BD18: It trigger my village experience | BE18: Yes | BF18: It reminds me the pleasant weather and Suuny day | BG18: No | BH18: none | BI18: Yes | BJ18: My Hometown | BK18: Yes | BL18: We sit in the similar place and enjoy the plesant weather. | BM18: Yes | BN18: My car | BO18: Yes | BP18: Mid day of a Sunny day | BQ18: no | BR18: none | BS18: Yes | BT18: I miss my hometown | BU18: 80 | BV18: no | BW18: Disagree | BX18: Neither | BY18: Neither | BZ18: Neither | CA18: Neither | CB18: Disagree | CC18: Neither | CD18: Disagree | CE18: Disagree | CF18: Neither | CG18: Neither | CH18: Agree | CI18: Neither | CJ18: Neither | CK18: Neither | CL18: Moderately | CM18: A little | CN18: A lot | CO18: 405.15406 | CP18: 573.08194 | CQ18: 240.25245 | CR18: 0.56126163 | CS18: 0.0082256698 | CT18: 0.015797728
A19: 18 | B19: China | C19: male | D19: 25 | E19: TE0 | F19: 19.12.2025 | G19: 0.57206019 | H19: 0.58472222 | I19: 0.58611111 | J19: 293.84702 | K19: 359.21839 | L19: 59.989533 | M19: 0.47222222 | N19: 0.010116881 | O19: 0.021413019 | P19: 0.58633102 | Q19: 0.58746528 | R19: 7 | S19: 7 | T19: 186.31001 | U19: 267.00703 | V19: 48.731233 | W19: 0.56142466 | X19: 0.011624054 | Y19: 0.025292417 | Z19: 0.5875 | AA19: 0.58888889 | AB19: 338.6294 | AC19: 496.08864 | AD19: 59.171802 | AE19: 0.44793407 | AF19: 0.011173091 | AG19: 0.023666688 | AH19: 0.58908565 | AI19: 0.5902662 | AJ19: 7 | AK19: 7 | AL19: 390.32294 | AM19: 552 | AN19: 50.862641 | AO19: 0.46841026 | AP19: 0.010857188 | AQ19: 0.023928289 | AR19: 0.59027778 | AS19: 0.59166667 | AT19: 335.13518 | AU19: 460.14816 | AV19: 58.743753 | AW19: 0.4568764 | AX19: 0.011536031 | AY19: 0.024319004 | AZ19: 0.59166667 | BA19: 0.59722222 | BB19: Soundscape | BC19: - | BD19: Like when i stay in my grandparents' place, i play in theiir balcony, and here the sound from the road | BE19: no | BF19: none | BG19: yes | BH19: my grandma | BI19: yes | BJ19: grandparents' house | BK19: yes | BL19: playing in the balcony as a kid | BM19: no | BN19: no | BO19: yes | BP19: childhood | BQ19: no | BR19: no | BS19: yes | BT19: still a bit homesick, also missing my innocent childhood time | BU19: 42 | BV19: yes, actually a bit sad for homesick | BW19: Neither | BX19: Neither | BY19: Neither | BZ19: Neither | CA19: Agree | CB19: Disagree | CC19: Neither | CD19: Neither | CE19: Disagree | CF19: Disagree | CG19: Neither | CH19: Neither | CI19: Neither | CJ19: Disagree | CK19: Neither | CL19: Dominates completely | CM19: Not at all | CN19: A little | CO19: 399.14134 | CP19: 553.35465 | CQ19: 240.6022 | CR19: 0.50211966 | CS19: 0.010405444 | CT19: 0.019019378
A20: 19 | B20: Singapore | C20: male | D20: 19 | E20: TE0+Sim+10 | F20: 19.12.2025 | G20: 0.64271991 | H20: 0.65833333 | I20: 0.65972222 | J20: 310.94391 | K20: 393.23434 | L20: 60.147654 | M20: 0.5077284 | N20: 0.016199756 | O20: 0.042267397 | P20: 0.6597338 | Q20: 0.66027778 | R20: 3 | S20: 2 | T20: 424.18752 | U20: 553.2457 | V20: 23.733059 | W20: 0.51541176 | X20: 0.024398106 | Y20: 0.076578595 | Z20: 0.66041667 | AA20: 0.66180556 | AB20: 205.11608 | AC20: 266.66451 | AD20: 59.056988 | AE20: 0.48896471 | AF20: 0.017147113 | AG20: 0.045446006 | AH20: 0.66181713 | AI20: 0.6628588 | AJ20: 5 | AK20: 5 | AL20: 0 | AN20: 42.568406 | AO20: 0.55765625 | AP20: 0.015748287 | AQ20: 0.053698264 | AR20: 0.66319444 | AS20: 0.66458333 | AT20: 442.97626 | AU20: 640.00199 | AV20: 60.17405 | AW20: 0.545025 | AX20: 0.030432853 | AY20: 0.067407888 | AZ20: 0.66458333 | BA20: 0.66666667 | BB20: no | BC20: no | BD20: I think its getting easier to remember as now I trying to get used to it | BE20: yes | BF20: Its very interesting | BG20: no | BH20: no | BI20: no | BJ20: no | BK20: no | BL20: no | BM20: no | BN20: no | BO20: no | BP20: no | BQ20: no | BR20: no | BS20: no | BT20: no | BU20: 20 | BV20: no | BW20: Agree | BX20: Neither | BY20: Agree | BZ20: Neither | CA20: Neither | CB20: Neither | CC20: Agree | CD20: Disagree | CE20: Strongly disagree | CF20: Neither | CG20: Neither | CH20: Neither | CI20: Agree | CJ20: Neither | CK20: Agree | CL20: A little | CM20: Not at all | CN20: Not at all | CO20: 235.33777 | CP20: 325.53086 | CQ20: 91.229197 | CR20: 0.49362295 | CS20: 0.015717484 | CT20: 0.03369944
A21: 20 | B21: China | C21: male | D21: 23 | E21: TE0-10 | F21: 06.01.2026 | G21: 0.5500463 | H21: 0.5625 | I21: 0.56388889 | J21: 110.93936 | K21: 129.70846 | L21: 57.000182 | M21: 0.45133333 | N21: 0.045141554 | O21: 0.16263467 | P21: 0.56409722 | Q21: 0.56530093 | R21: 7 | S21: 7 | T21: 83.718005 | U21: 82.654964 | V21: 42.560522 | W21: 0.53173913 | X21: 0.031548861 | Y21: 0.12481974 | Z21: 0.5653125 | AA21: 0.56666667 | AB21: 48.258294 | AC21: 54.491933 | AD21: 59.551351 | AE21: 0.5732973 | AF21: 0.039331884 | AG21: 0.15494251 | AH21: 0.5668287 | AI21: 0.56806713 | AJ21: 7 | AK21: 7 | AL21: 37.417626 | AM21: 19.726333 | AN21: 52.046 | AO21: 0.49301818 | AP21: 0.02168289 | AQ21: 0.095233232 | AR21: 0.5680787 | AS21: 0.56944444 | AT21: 44.258357 | AU21: 42.542858 | AV21: 58.903034 | AW21: 0.43051724 | AX21: 0.022671327 | AY21: 0.083034163 | AZ21: 0.56944444 | BA21: 0.57222222 | BB21: No | BC21: No | BD21: No | BE21: No | BF21: No | BG21: No | BH21: No | BI21: No | BJ21: No | BK21: No | BL21: No | BM21: No | BN21: No | BO21: No | BP21: No | BQ21: No | BR21: No | BS21: No | BT21: No | BU21: 90% | BV21: peaceful | BW21: Agree | BX21: Disagree | BY21: Disagree | BZ21: Agree | CA21: Agree | CB21: Disagree | CC21: Disagree | CD21: Neither | CE21: Agree | CF21: Disagree | CG21: Agree | CH21: Agree | CI21: Disagree | CJ21: Disagree | CK21: Agree | CL21: A little | CM21: Not at all | CN21: A little | CO21: 73.356486 | CP21: 89.82602 | CQ21: 116.88642 | CR21: 0.45944928 | CS21: 0.025363845 | CT21: 0.065509866
A22: 21 | B22: China | C22: male | D22: 23 | E22: TE0+SL+10 | F22: 07.01.2026 | G22: 0.41842593 | H22: 0.43194444 | I22: 0.4375 | J22: 73.777328 | K22: 62.935243 | L22: 207.27182 | M22: 0.50618421 | N22: 0.011559676 | O22: 0.021553098 | P22: 0.43826389 | Q22: 0.43950231 | R22: 8 | S22: 8 | T22: 74.236654 | U22: 27.352594 | V22: 53.546474 | W22: 0.52223684 | X22: 0.013797876 | Y22: 0.031110302 | Z22: 0.43958333 | AA22: 0.44097222 | AB22: 85.463583 | AC22: 39.70752 | AD22: 60.209218 | AE22: 0.48478161 | AF22: 0.013053031 | AG22: 0.029239765 | AH22: 0.44138889 | AI22: 0.4425 | AJ22: 7 | AK22: 7 | AL22: 82.453088 | AM22: 28.595384 | AN22: 47.359314 | AO22: 0.49828571 | AP22: 0.013923497 | AQ22: 0.031107124 | AR22: 0.44251157 | AS22: 0.44375 | AT22: 81.893088 | AU22: 23.8452 | AV22: 51.897506 | AW22: 0.52676543 | AX22: 0.012316104 | AY22: 0.027770692 | AZ22: 0.44375 | BA22: 0.45138889 | BB22: geräusch | BC22: fen xin | BD22: frei zeit park | BE22: neim | BF22: keine | BG22: nein | BH22: keine | BI22: ja | BJ22: frei zeit park | BK22: ja | BL22: Karussell | BM22: ja | BN22: Kristallkugel im Weihnachtmarkt | BO22: ja | BP22: weinnacht | BQ22: nein | BR22: keine | BS22: nein | BT22: keine | BU22: 20 | BV22: nein | BW22: Stimme zu | BX22: Weder noch | BY22: Stimme nicht zu | BZ22: Weder noch | CA22: Stimme überhaupt nicht zu | CB22: Weder noch | CC22: Stimme zu | CD22: Stimme nicht zu | CE22: Stimme nicht zu | CF22: Weder noch | CH22: Stimme nicht zu | CI22: Stimme zu | CJ22: Weder noch | CK22: Stimme nicht zu | CL22: Stark | CM22: Ein wenig | CN22: Gar nicht | CO22: 78.417092 | CP22: 69.48107 | CQ22: 327.88622 | CR22: 0.51820732 | CS22: 0.011420058 | CT22: 0.020444385
A23: 22 | B23: China | C23: female | D23: 25 | E23: TE0+HF+6 | F23: 07.01.2027 | G23: 0.63670139 | H23: 0.66041667 | I23: 0.66180556 | J23: 247.156 | K23: 350.57201 | L23: 57.788886 | M23: 0.50679545 | N23: 0.017028918 | O23: 0.029570429 | P23: 0.45363426 | Q23: 0.45483796 | R23: 8 | S23: 8 | T23: 56.026819 | V23: 51.265127 | W23: 0.47642254 | X23: 0.024317555 | Y23: 0.037109314 | Z23: 0.45486111 | AA23: 0.45625 | AB23: 249.08671 | AC23: 303.47861 | AD23: 59.700159 | AE23: 0.49754545 | AF23: 0.012284278 | AG23: 0.023562265 | AH23: 0.45694444 | AI23: 0.45826389 | AJ23: 8 | AK23: 7 | AL23: 52.851726 | AM23: 63.209103 | AN23: 56.986988 | AO23: 0.48474699 | AP23: 0.014805422 | AQ23: 0.027263419 | AR23: 0.45833333 | AS23: 0.45972222 | AT23: 230.51681 | AU23: 326 | AV23: 58.409828 | AW23: 0.48516129 | AX23: 0.013028634 | AY23: 0.02367827 | AZ23: 0.45972222 | BA23: 0.46111111 | BB23: Klanglandschaft | BC23: Ruhezeit wenn ich Airpods benutze | BD23: Ich lif auf eine laute Straße, hatte Kopfhörer an, dann hörte ich das Geräusch von Autos nicht mehr. | BE23: Nein | BF23: keine | BG23: Nein | BH23: keine | BI23: Nein | BJ23: keine | BK23: Nein | BL23: keine | BM23: Ja | BN23: Schwamm, Schnee, Zaodian auf einem alten Fernseher | BO23: Nein | BP23: keine | BQ23: Nein | BR23: keine | BS23: Nein | BT23: keine | BU23: 30% | BV23: Nein | BW23: Weder noch | BX23: Stimme überhaupt nicht zu | BY23: Stimme überhaupt nicht zu | BZ23: Stimme völlig zu | CA23: Weder noch | CB23: Stimme nicht zu | CC23: Stimme überhaupt nicht zu | CD23: Stimme völlig zu | CE23: Weder noch | CF23: Stimme nicht zu | CH23: Weder noch | CI23: Stimme nicht zu | CJ23: Stimme zu | CK23: Stimme nicht zu | CL23: Mäßig | CM23: Vollständig dominierend | CN23: Ein wenig | CO23: 57.399439 | CP23: 70.704078 | CQ23: 58.823517 | CR23: 0.49735632 | CS23: 0.013413797 | CT23: 0.025959163
A24: 23 | B24: China | C24: male | D24: 25 | E24: TE0 | F24: 08.01.2026 | G24: 0.58777778 | H24: 0.59930556 | I24: 0.60069444 | J24: 35.590499 | K24: 18.769479 | L24: 59.420608 | M24: 0.50055696 | N24: 0.021971679 | O24: 0.060950138 | P24: 0.60150463 | Q24: 0.60280093 | R24: 8 | S24: 7 | T24: 48.228054 | U24: 20.81109 | V24: 55.226525 | W24: 0.449 | X24: 0.018388184 | Y24: 0.049750513 | Z24: 0.6028125 | AA24: 0.60416667 | AB24: 37.012186 | AC24: 23.806328 | AD24: 60.227448 | AE24: 0.5368046 | AF24: 0.016767308 | AG24: 0.044502891 | AH24: 0.60431713 | AI24: 0.60553241 | AJ24: 7 | AK24: 7 | AL24: 36.173712 | AM24: 20.558087 | AN24: 52.63976 | AO24: 0.45157333 | AP24: 0.01697935 | AQ24: 0.04554883 | AR24: 0.60555556 | AS24: 0.60694444 | AT24: 36.500317 | AU24: 20.915939 | AV24: 59.834386 | AW24: 0.46775 | AX24: 0.015762146 | AY24: 0.041525564 | AZ24: 0.60694444 | BA24: 0.60902778 | BB24: NO | BC24: NO | BD24: NO | BE24: NO | BF24: NO | BG24: NO | BH24: NO | BI24: Yes | BJ24: main road near my apartment | BK24: NO | BL24: NO | BM24: NO | BN24: NO | BO24: yes | BP24: sounds like the moring time that i went to school | BQ24: NO | BR24: NO | BS24: NO | BT24: NO | BU24: 80 | BV24: NO | BW24: Neither | BX24: Neither | BY24: Neither | BZ24: Neither | CA24: Agree | CB24: Neither | CC24: Neither | CD24: Agree | CE24: Neither | CF24: Neither | CG24: Neither | CH24: Neither | CI24: Neither | CJ24: Neither | CK24: Neither | CL24: A little | CM24: Not at all | CN24: Not at all | CO24: 30.563499 | CP24: 22.48868 | CQ24: 89.639333 | CR24: 0.57708527 | CS24: 0.016485621 | CT24: 0.040488211
A25: 24 | B25: China | C25: male | D25: 27 | E25: TE0-10 | F25: 08.01.2027 | G25: 0.73119213 | H25: 0.74791667 | I25: 0.74930556 | J25: 294.833 | K25: 409.34944 | L25: 58.071812 | M25: 0.49870588 | N25: 0.013439968 | O25: 0.025124667 | P25: 0.74949074 | Q25: 0.75072917 | R25: 7 | S25: 7 | T25: 105.6661 | U25: 135.01897 | V25: 53.009922 | W25: 0.51618182 | X25: 0.016638148 | Y25: 0.029877576 | Z25: 0.75074074 | AA25: 0.75208333 | AB25: 68.68409 | AC25: 66.74037 | AD25: 57.236333 | AE25: 0.51393333 | AF25: 0.013072123 | AG25: 0.024350561 | AH25: 0.7522338 | AI25: 0.75349537 | AJ25: 6 | AK25: 6 | AL25: 25.227488 | AN25: 54.39055 | AO25: 0.459525 | AP25: 0.013523113 | AQ25: 0.026148616 | AR25: 0.75350694 | AS25: 0.75486111 | AT25: 445.3833 | AU25: 508.63477 | AV25: 56.820169 | AW25: 0.55086747 | AX25: 0.014299174 | AY25: 0.027049984 | AZ25: 0.75486111 | BA25: 0.76111111 | BB25: Nein | BC25: Nein | BD25: Nein | BE25: Ja | BF25: Wenn es regnet | BG25: Nein | BH25: keine | BI25: Ja | BJ25: Straße | BK25: Ja | BL25: Klausur | BM25: Ja | BN25: Regen | BO25: Nein | BP25: keine | BQ25: Nein | BR25: Nein | BS25: Ja | BT25: ruhig und lazy | BU25: 30% | BV25: Ja | BW25: Stimme zu | BX25: Stimme nicht zu | BY25: Stimme zu | BZ25: Weder noch | CA25: Stimme zu | CB25: Stimme nicht zu | CC25: Weder noch | CD25: Stimme zu | CE25: Stimme zu | CF25: Stimme nicht zu | CH25: Stimme zu | CI25: Stimme nicht zu | CJ25: Stimme nicht zu | CK25: Stimme zu | CL25: Ein wenig | CM25: Gar nicht | CN25: Ein wenig | CO25: 199.43148 | CP25: 268.41826 | CQ25: 269.25124 | CR25: 0.49396939 | CS25: 0.013560496 | CT25: 0.022133141
A26: 25 | B26: Taiwan | C26: female | D26: 30 | E26: TE0+Sim+10 | F26: 09.01.2026 | G26: 0.4394213 | H26: 0.45277778 | I26: 0.45416667 | J26: 163.24214 | K26: 228.76282 | L26: 57.9546 | M26: 0.5488 | N26: 0.016647618 | O26: 0.044412287 | P26: 0.45454861 | Q26: 0.45585648 | R26: 8 | S26: 8 | T26: 458.65535 | V26: 56.854617 | W26: 0.53987654 | X26: 0.013740179 | Y26: 0.03978194 | Z26: 0.45586806 | AA26: 0.45694444 | AB26: 267.95518 | AC26: 322.69165 | AD26: 45.694031 | AE26: 0.55156923 | AF26: 0.016365126 | AG26: 0.046962407 | AH26: 0.45695602 | AI26: 0.4580787 | AJ26: 6 | AK26: 6 | AL26: 387.24514 | AM26: 586.28776 | AN26: 48.571304 | AO26: 0.48113043 | AP26: 0.016009746 | AQ26: 0.046322574 | AR26: 0.45833333 | AS26: 0.45972222 | AT26: 119.32783 | AU26: 167.67117 | AV26: 58.717191 | AW26: 0.49591489 | AX26: 0.013782502 | AY26: 0.036880697 | AZ26: 0.45972222 | BA26: 0.46458333 | BB26: Gesamte Klangsndschaft | BC26: falls nciht zutreffend | BD26: Rühig | BE26: Nien | BF26: kiene | BG26: Nein | BH26: keine | BI26: Nein | BJ26: keine | BK26: Nwin | BL26: keine | BM26: Nein | BN26: keine | BO26: Nien | BP26: keine | BQ26: Nein | BR26: keine | BS26: Ja | BT26: Sehr Rühig | BU26: 70% | BV26: Rüfig | BW26: Stimme völlig zu | BX26: Stimme zu | BY26: Stimme völlig zu | BZ26: Stimme nicht zu | CA26: Stimme völlig zu | CB26: Weder noch | CC26: Stimme nicht zu | CD26: Stimme völlig zu | CE26: Stimme zu | CF26: Stimme völlig zu | CG26: Weder noch | CH26: Stimme nicht zu | CI26: Stimme überhaupt nicht zu | CJ26: Stimme völlig zu | CK26: Gar nicht | CL26: Gar nicht | CM26: Vollständig dominierend | CO26: 99.379157 | CP26: 140.03635 | CQ26: 210.5469 | CR26: 0.54418729 | CS26: 0.015236863 | CT26: 0.02809391

Sheet S3 Datalog + Results
A1: ID | B1: Nationality | C1: Gender | D1: Age | E1: Audio file | F1: Date | G1: Start Physiological recording | H1: #1 Start 1.Baseline S3 | I1: #2 End 1.Baseline S3 | J1: #1 ECG - SDNN | K1: ECG - RMSSD | L1: #2 EDA - SCR onset | M1: # 3 EDA - SCR latency or rise time | N1: #4 EDA - SCR peak amplitude | O1: # 5 EDA - SCR peak prominence | P1: Start DSP FW S3 | Q1: End DSP FW S3 | R1: Trials DSP FW | S1: Correct trials DSP FW | T1: #6 ECG - SDNN | U1: ECG - RMSSD | V1: #7 EDA - SCR onset | W1: # 8 EDA - SCR latency or rise time | X1: #9 EDA - SCR peak amplitude | Y1: # 10 EDA - SCR peak prominence | Z1: #3 Start 2.Baseline S3 | AA1: #4 End 2. Baseline S3 | AB1: #11 ECG - SDNN | AC1: ECG - RMSSD | AD1: #12 EDA - SCR onset | AE1: # 13 EDA - SCR latency or rise time | AF1: #14 EDA - SCR peak amplitude | AG1: # 15 EDA - SCR peak prominence | AH1: Start DSP BW S3 | AI1: End DSP BW S3 | AJ1: Trials DSP BW | AK1: Correct trials DSP BW | AL1: #16 ECG - SDNN | AM1: ECG - RMSSD | AN1: #17 EDA - SCR onset | AO1: # 18 EDA - SCR latency or rise time | AP1: #19 EDA - SCR peak amplitude | AQ1: # 20 EDA - SCR peak prominence | AR1: #5 Start 3. Baseline S3 | AS1: #6 End 3. Baseline S3 | AT1: #21 ECG - SDNN | AU1: ECG - RMSSD | AV1: #22 EDA - SCR onset | AW1: # 23 EDA - SCR latency or rise time | AX1: #24 EDA - SCR peak amplitude | AY1: # 25 EDA - SCR peak prominence | AZ1: Start Memo S3 | BA1: End Memo S3 | BB1: AIsYourMemoryTriggeredByASpecificSoundOrOverallSoundscapeSoundS | BC1: IfSoundPleaseSpecifyleaveBlankIfNotApplicable | BD1: BDescribeYourMemoryInAsMuchDetailAsPossible | BE1: CIsThisAMeaningfulEventYesNo | BF1: IfYesSpecifyOtherwiseWriteNone | BG1: DIsThisConnectedToAPersonYesNo | BH1: IfYesSpecifyOtherwiseWriteNone_1 | BI1: EIsThisAssociatedWithAPlaceYesNo | BJ1: IfYesSpecifyOtherwiseWriteNone_2 | BK1: FIsThisLinkedToAnActivityYesNo | BL1: IfYesSpecifyOtherwiseWriteNone_3 | BM1: GIsThisAssociatedWithAnObjectYesNo | BN1: IfYesSpecifyOtherwiseWriteNone_4 | BO1: HIsThisConnectedToASpecificTimeYesNo | BP1: IfYesSpecifyOtherwiseWriteNone_5 | BQ1: IIsThisAssociatedWithAThoughtYesNo | BR1: IfYesSpecifyOtherwiseWriteNone_6 | BS1: JIsThisConnectedToAnEmotionYesNo | BT1: IfYesSpecifyOtherwiseWriteNone_7 | BU1: ToWhatExtentIsThePresentSoundEnvironmentAppropriateToThePlacePl | BV1: DoesTheSoundscapeEvokeAnyEmotionsIfYesWhichOnes | BW1: Agreement_PLEASANT | BX1: Agreement_CHAOTIC | BY1: Agreement_VIBRANT | BZ1: Agreement_UNEVENTFUL | CA1: Agreement_CALM | CB1: Agreement_ANNOYING | CC1: Agreement_EVENTFUL | CD1: Agreement_MONOTONOUS | CE1: Agreement_QUIET | CF1: Agreement_UNCOMFORTABLE | CG1: Agreement_COMFORTABLE | CH1: Agreement_NOTANNOYING | CI1: Agreement_NOISY | CJ1: Agreement_EXHAUSTING | CK1: Agreement_RELAXING | CL1: Intensity_MechanicalSounds | CM1: Intensity_HumanSounds | CN1: Intensity_NaturalSounds | CO1: #26 ECG - SDNN | CP1: ECG - RMSSD | CQ1: #27 EDA - SCR onset | CR1: # 28 EDA - SCR latency or rise time | CS1: #29 EDA - SCR peak amplitude | CT1: # 30 EDA - SCR peak prominence
A2: 1 | B2: Turkey | C2: male | D2: 36 | E2: TE0+HF+6 | F2: 11.12.2025 | G2: 0.59134259 | H2: 0.62083333 | I2: 0.62222222 | J2: 86.404701 | K2: 94.945275 | L2: 60.225933 | M2: 0.52724444 | N2: 0.0067778363 | O2: 0.016921793 | P2: 0.62361111 | Q2: 0.6243287 | R2: 7 | S2: 7 | T2: 29.822396 | U2: 22.237356 | V2: 30.727061 | W2: 0.56420408 | X2: 0.007548645 | Y2: 0.020264864 | Z2: 0.625 | AA2: 0.62638889 | AB2: 42.659083 | AC2: 21.195861 | AD2: 59.381402 | AE2: 0.51593103 | AF2: 0.0070209206 | AG2: 0.01601171 | AH2: 0.62777778 | AI2: 0.62771991 | AJ2: 7 | AK2: 7 | AL2: 48.242863 | AM2: 31.884081 | AN2: 53.672602 | AO2: 0.47650602 | AP2: 0.0074718168 | AQ2: 0.018023134 | AR2: 0.62777778 | AS2: 0.62916667 | AT2: 44.633477 | AU2: 35.634181 | AV2: 59.357793 | AW2: 0.55588506 | AX2: 0.0077473266 | AY2: 0.018422278 | AZ2: 0.62916667 | BA2: 0.63263889 | BB2: NA | BC2: NA | BD2: NA | BE2: NA | BF2: NA | BG2: NA | BH2: NA | BI2: NA | BJ2: NA | BK2: NA | BL2: NA | BM2: NA | BN2: NA | BO2: NA | BP2: NA | BQ2: NA | BR2: NA | BS2: NA | BT2: NA | BU2: NA | BV2: NA | BW2: NA | BX2: NA | BY2: NA | BZ2: NA | CA2: NA | CB2: NA | CC2: NA | CD2: NA | CE2: NA | CF2: NA | CG2: NA | CH2: NA | CI2: NA | CJ2: NA | CK2: NA | CL2: NA | CM2: NA | CN2: NA | CO2: 46.937165 | CP2: 54.711427 | CQ2: 147.28498 | CR2: 0.5475023 | CS2: 0.0062643025 | CT2: 0.013442496
A3: 2 | B3: China | C3: male | D3: 24 | E3: TE0 | F3: 12.12.2025 | G3: 0.44652778 | H3: 0.47291667 | I3: 0.47430556 | J3: 162.77888 | L3: 56.942442 | M3: 0.42077895 | N3: 0.0080149065 | O3: 0.017337865 | P3: 0.47447917 | Q3: 0.47555556 | R3: 7 | S3: 7 | T3: 148.61721 | U3: 123.24726 | V3: 46.139304 | W3: 0.48281159 | X3: 0.0090391432 | Y3: 0.022068818 | Z3: 0.47569444 | AA3: 0.47708333 | AB3: 148.0338 | AC3: 101.66514 | AD3: 59.781209 | AE3: 0.4770989 | AF3: 0.0084844611 | AG3: 0.01882026 | AH3: 0.47728009 | AI3: 0.47836806 | AJ3: 7 | AK3: 7 | AL3: 97.520517 | AM3: 65.222043 | AN3: 45.641765 | AO3: 0.43167647 | AP3: 0.0086323656 | AQ3: 0.020737682 | AR3: 0.47847222 | AS3: 0.47986111 | AT3: 109.97928 | AU3: 84.129365 | AV3: 61.201333 | AW3: 0.50232258 | AX3: 0.0076777022 | AY3: 0.017155713 | AZ3: 0.47986111 | BA3: 0.48402778 | BB3: yes | BC3: childhood | BD3: playing on the grass | BE3: yes | BF3: i don't know | BG3: yes | BH3: my parents | BI3: yes | BJ3: turm | BK3: yes | BL3: walking | BM3: yes | BN3: plaza | BO3: yes | BP3: early morning | BQ3: no | BR3: none | BS3: yes | BT3: peaceful | BU3: 40% | BV3: yes peaceful | BW3: Neither | BX3: Agree | BY3: Agree | BZ3: Neither | CA3: Disagree | CB3: Neither | CC3: Neither | CD3: Disagree | CE3: Disagree | CF3: Neither | CG3: Neither | CH3: Neither | CI3: Agree | CJ3: Disagree | CK3: Neither | CL3: A lot | CM3: A little | CN3: A little | CO3: 104.0845 | CP3: 103.8914 | CQ3: 178.9635 | CR3: 0.44112548 | CS3: 0.0076173469 | CT3: 0.014230773
A4: 3 | B4: Singapore | C4: male | D4: 21 | E4: TE0-10 | F4: 12.12.2025 | G4: 0.56918981 | H4: 0.59861111 | I4: 0.6 | J4: 176.49867 | K4: 219.16308 | L4: 60.065881 | M4: 0.50059524 | N4: 0.0089590032 | O4: 0.021588578 | P4: 0.60025463 | Q4: 0.60135417 | R4: 7 | S4: 7 | T4: 108.80169 | U4: 135.62963 | V4: 47.330457 | W4: 0.5216 | X4: 0.0080558866 | Y4: 0.022752381 | Z4: 0.60138889 | AA4: 0.60277778 | AB4: 285.34309 | AC4: 382.93105 | AD4: 59.578044 | AE4: 0.54693333 | AF4: 0.0084081207 | AG4: 0.021239928 | AH4: 0.60295139 | AI4: 0.60414352 | AJ4: 7 | AK4: 6 | AL4: 176.00678 | AM4: 227.02371 | AN4: 50.601769 | AO4: 0.50346154 | AP4: 0.0084565148 | AQ4: 0.022737363 | AR4: 0.60416667 | AS4: 0.60555556 | AT4: 193.7963 | AU4: 307.4855 | AV4: 57.467954 | AW4: 0.48347126 | AX4: 0.0084802853 | AY4: 0.022199968 | AZ4: 0.60555556 | BA4: 0.60694444 | BB4: no | BC4: none | BD4: none | BE4: no | BF4: none | BG4: no | BH4: none | BI4: yes | BJ4: farm | BK4: no | BL4: none | BM4: no | BN4: none | BO4: no | BP4: none | BQ4: no | BR4: none | BS4: no | BT4: none | BU4: 70 | BV4: no | BW4: Neither | BX4: Agree | BY4: Neither | BZ4: Disagree | CA4: Disagree | CB4: Agree | CC4: Neither | CD4: Neither | CE4: Disagree | CF4: Neither | CG4: Neither | CH4: Disagree | CI4: Agree | CJ4: Agree | CK4: Disagree | CL4: A little | CM4: Not at all | CN4: Moderately | CO4: 249.62547 | CP4: 328.6464 | CQ4: 59.868901 | CR4: 0.51545055 | CS4: 0.0083707231 | CT4: 0.022013191
A5: 4 | B5: China | C5: female | D5: 28 | E5: TE0+HF+6 | F5: 15.12.2025 | G5: 0.46399306 | H5: 0.48888889 | I5: 0.49027778 | J5: 180.05857 | K5: 259.13454 | L5: 58.219662 | M5: 0.54815584 | N5: 0.015748239 | O5: 0.048339408 | P5: 0.49046296 | Q5: 0.49166667 | R5: 8 | S5: 8 | T5: 114.64885 | U5: 141.70201 | V5: 52.074059 | W5: 0.45223529 | X5: 0.017078285 | Y5: 0.053252064 | Z5: 0.49167824 | AA5: 0.49305556 | AB5: 141.71928 | AC5: 191.88899 | AD5: 58.198623 | AE5: 0.53831169 | AF5: 0.016215225 | AG5: 0.048691684 | AH5: 0.49325231 | AI5: 0.49429398 | AJ5: 6 | AK5: 6 | AL5: 507.27165 | AN5: 44.991613 | AO5: 0.47993548 | AP5: 0.017164537 | AQ5: 0.056511735 | AR5: 0.49444444 | AS5: 0.49583333 | AT5: 184.31819 | AU5: 245.85122 | AV5: 57.965972 | AW5: 0.5183662 | AX5: 0.016438349 | AY5: 0.051687246 | AZ5: 0.49583333 | BA5: 0.5 | BB5: Soundscape | BC5: None | BD5: Moch more easier to memory. | BE5: Yes | BF5: It has connection to examinations' question. | BG5: No | BH5: None | BI5: No | BJ5: None | BK5: No | BL5: None | BM5: No | BN5: None | BO5: Yes | BP5: A meaningful year. | BQ5: No | BR5: None | BS5: No | BT5: None | BU5: 50% | BV5: Yes, I feel I'm in a hurry. Attention. | BW5: Neither | BX5: Neither | BY5: Disagree | BZ5: Disagree | CA5: Disagree | CB5: Neither | CC5: Agree | CD5: Neither | CE5: Disagree | CF5: Neither | CG5: Neither | CH5: Disagree | CI5: Agree | CJ5: Neither | CK5: Neither | CL5: Not at all | CM5: A little | CN5: A lot | CO5: 422.25693 | CP5: 540.84735 | CQ5: 177.56179 | CR5: 0.53467532 | CS5: 0.012534602 | CT5: 0.027211271
A6: 5 | B6: German | C6: female | D6: 41 | E6: TE0 | F6: 15.12.2025 | G6: 0.56997685 | H6: 0.59027778 | I6: 0.59166667 | J6: 31.397449 | K6: 10.081108 | L6: 59.722851 | M6: 0.5111954 | N6: 0.0064015511 | O6: 0.018587707 | P6: 0.59167824 | Q6: 0.59280093 | R6: 6 | S6: 5 | T6: 23.84425 | U6: 12.411213 | V6: 56.722049 | W6: 0.49580488 | X6: 0.0067611774 | Y6: 0.01985764 | Z6: 0.5928125 | AA6: 0.59412037 | AB6: 45.833661 | AC6: 12.304888 | AD6: 57.058902 | AE6: 0.47560976 | AF6: 0.0064211768 | AG6: 0.019894528 | AH6: 0.59413194 | AI6: 0.59488426 | AJ6: 5 | AK6: 4 | AL6: 61.755986 | AM6: 59.125444 | AN6: 31.81108 | AO6: 0.47804 | AP6: 0.0073553593 | AQ6: 0.025726847 | AR6: 0.59489583 | AS6: 0.59627315 | AT6: 28.638847 | AU6: 10.309663 | AV6: 60.394068 | AW6: 0.47352273 | AX6: 0.0063352433 | AY6: 0.020016138 | AZ6: 0.59583333 | BA6: 0.59930556 | BB6: soundscape | BC6: none | BD6: calm place with traffic background | BE6: yes | BF6: like a backyard soundscape | BG6: no | BH6: none | BI6: yes | BJ6: backyards | BK6: no | BL6: none | BM6: no | BN6: none | BO6: yes | BP6: daytime | BQ6: yes | BR6: to stay at home | BS6: yes | BT6: relaxation | BU6: 80 | BV6: calm | BW6: Agree | BX6: Disagree | BY6: Disagree | BZ6: Disagree | CA6: Strongly agree | CB6: Disagree | CC6: Agree | CD6: Agree | CE6: Strongly agree | CF6: Disagree | CG6: Agree | CH6: Strongly agree | CI6: Disagree | CJ6: Disagree | CK6: Agree | CL6: A lot | CM6: Not at all | CN6: Moderately | CO6: 25.185951 | CP6: 10.728184 | CQ6: 127.97911 | CR6: 0.53146237 | CS6: 0.0057699225 | CT6: 0.016231672
A7: 6 | B7: India | C7: male | D7: 28 | E7: TE0+SL+10 | F7: 15.12.2025 | G7: 0.63626157 | H7: 0.65416667 | I7: 0.65555556 | J7: 86.223649 | K7: 89.207295 | L7: 75.620574 | M7: 0.50637037 | N7: 0.0073959031 | O7: 0.012322917 | P7: 0.65583333 | Q7: 0.65755787 | R7: 7 | S7: 7 | T7: 94.036133 | U7: 101.84765 | V7: 75.468054 | W7: 0.50043243 | X7: 0.0036399018 | Y7: 0.0069276258 | Z7: 0.65756944 | AA7: 0.6584838 | AB7: 448.3057 | AC7: 634 | AD7: 40.389288 | AE7: 0.496 | AF7: 0.0072881412 | AG7: 0.0114714 | AH7: 0.65849537 | AI7: 0.65952546 | AJ7: 6 | AK7: 5 | AL7: 121.61587 | AM7: 146.28766 | AN7: 43.379882 | AO7: 0.55497059 | AP7: 0.0033108238 | AQ7: 0.0066389403 | AR7: 0.65953704 | AS7: 0.66091435 | AT7: 83.63316 | AU7: 78.00795 | AV7: 59.328311 | AW7: 0.53062222 | AX7: 0.0041068296 | AY7: 0.0077818487 | AZ7: 0.66041667 | BA7: 0.66180556 | BB7: No | BC7: None | BD7: It is Good | BE7: None | BF7: None | BG7: No | BH7: None | BI7: No | BJ7: None | BK7: No | BL7: None | BM7: No | BN7: None | BO7: No | BP7: None | BQ7: No | BR7: None | BS7: No | BT7: None | BU7: 85 | BV7: No | BW7: Disagree | BX7: Neither | BY7: Neither | BZ7: Disagree | CA7: Strongly disagree | CB7: Neither | CC7: Agree | CD7: Agree | CE7: Strongly disagree | CF7: Agree | CG7: Disagree | CH7: Disagree | CI7: Agree | CJ7: Agree | CK7: Strongly disagree | CL7: Dominates completely | CM7: Not at all | CN7: A little | CO7: 385.81706 | CP7: 471.40562 | CQ7: 37.238714 | CR7: 0.55296429 | CS7: 0.0045156002 | CT7: 0.0090486223
A8: 7 | B8: German | C8: male | D8: 27 | E8: TE0-10 | F8: 16.12.2025 | G8: 0.45996528 | H8: 0.49166667 | I8: 0.49305556 | J8: 63.800848 | K8: 30.730584 | L8: 57.878549 | M8: 0.47096703 | N8: 0.008237116 | O8: 0.021532732 | P8: 0.49365741 | Q8: 0.4947338 | R8: 7 | S8: 7 | T8: 53.400299 | U8: 29.992307 | V8: 46.114769 | W8: 0.47209231 | X8: 0.012117136 | Y8: 0.03366217 | Z8: 0.49474537 | AA8: 0.49600694 | AB8: 74.478975 | AC8: 46.070555 | AD8: 55.048346 | AE8: 0.53785185 | AF8: 0.0080848004 | AG8: 0.023345201 | AH8: 0.49601852 | AI8: 0.49664352 | AJ8: 5 | AK8: 4 | AL8: 0 | AN8: 26.422256 | AO8: 0.59348718 | AP8: 0.012078065 | AQ8: 0.037311139 | AR8: 0.49665509 | AS8: 0.49791667 | AT8: 137.2029 | AU8: 159.02152 | AV8: 53.052364 | AW8: 0.4725974 | AX8: 0.0086621002 | AY8: 0.022821421 | AZ8: 0.49791667 | BA8: 0.50069444 | BB8: nein | BC8: keine | BD8: keine | BE8: nein | BF8: keine | BG8: nein | BH8: keine | BI8: ja | BJ8: Dresden Elbufer | BK8: ja | BL8: Fahrrad fahren | BM8: nein | BN8: keine | BO8: ja | BP8: Herbstlich, Frühling | BQ8: ja | BR8: eine halbe stunde zu meiner ehemaligen Wohnung fahren (hin und zurück) | BS8: ja | BT8: Ausgeglichenheit (weil ich einfach extrem viel Sport gemacht habe) | BU8: 100 | BV8: nein | BW8: Stimme zu | BX8: Stimme nicht zu | BY8: Stimme nicht zu | BZ8: Stimme zu | CA8: Stimme völlig zu | CB8: Stimme überhaupt nicht zu | CC8: Stimme nicht zu | CD8: Weder noch | CE8: Stimme zu | CF8: Stimme überhaupt nicht zu | CH8: Stimme zu | CI8: Stimme nicht zu | CJ8: Stimme überhaupt nicht zu | CK8: Weder noch | CL8: Vollständig dominierend | CM8: Gar nicht | CN8: Gar nicht | CO8: 313.98969 | CP8: 424.76351 | CQ8: 117.44459 | CR8: 0.57564497 | CS8: 0.013285399 | CT8: 0.029261152
A9: 8 | B9: German | C9: female | D9: 24 | E9: TE0 | F9: 16.12.2025 | G9: 0.58518519 | H9: 0.60694444 | I9: 0.60833333 | J9: 45.229985 | K9: 51.389607 | L9: 56.686659 | M9: 0.49297727 | N9: 0.01199364 | O9: 0.02260757 | P9: 0.60875 | Q9: 0.60988426 | R9: 7 | S9: 6 | T9: 53.445191 | U9: 50.701843 | V9: 48.128622 | W9: 0.47243243 | X9: 0.01057036 | Y9: 0.021409115 | Z9: 0.60989583 | AA9: 0.61111111 | AB9: 56.806909 | AC9: 60.363081 | AD9: 51.752184 | AE9: 0.47863158 | AF9: 0.017467439 | AG9: 0.028791618 | AH9: 0.61128472 | AI9: 0.6124537 | AJ9: 6 | AK9: 5 | AL9: 42.089588 | AM9: 46.934744 | AN9: 50.137918 | AO9: 0.44153425 | AP9: 0.011669947 | AQ9: 0.023304465 | AR9: 0.6125 | AS9: 0.61388889 | AT9: 53.659167 | AU9: 59.73211 | AV9: 60.023519 | AW9: 0.46192405 | AX9: 0.020540429 | AY9: 0.032595276 | AZ9: 0.61388889 | BA9: 0.61666667 | BB9: Ja | BC9: gesamte Klanglandschaft | BD9: Wie bei erstem Versuch, Akustikmessungen an Strehlener Straße und Radeburger(?) Landstraße | BE9: Nein | BF9: keine | BG9: Nein | BH9: keine | BI9: Ja | BJ9: Radeburger Landstraße/Strehlener Straße | BK9: Ja | BL9: Akustikmessungen vornehmen | BM9: Ja | BN9: Head Acoustics Headphones/Geräte | BO9: Ja | BP9: November, tagsüber | BQ9: Nein | BR9: keine | BS9: Ja | BT9: macht Spaß | BU9: 70% | BV9: Leichtes genervt sein | BW9: Stimme nicht zu | BX9: Stimme zu | BY9: Stimme zu | BZ9: Stimme überhaupt nicht zu | CA9: Stimme überhaupt nicht zu | CB9: Stimme völlig zu | CC9: Stimme zu | CD9: Stimme nicht zu | CE9: Stimme nicht zu | CF9: Stimme zu | CH9: Stimme nicht zu | CI9: Stimme völlig zu | CJ9: Stimme zu | CK9: Stimme überhaupt nicht zu | CL9: Vollständig dominierend | CM9: Gar nicht | CN9: Gar nicht | CO9: 43.499158 | CP9: 46.557279 | CQ9: 118.55469 | CR9: 0.51144318 | CS9: 0.011034132 | CT9: 0.020085254
A10: 9 | B10: Brazilien | C10: male | D10: 32 | E10: TE0+SL+10 | F10: 17.12.2025 | G10: 0.38465278 | H10: 0.41111111 | I10: 0.4125 | J10: 133.46355 | K10: 168.36409 | L10: 58.816837 | M10: 0.48560465 | N10: 0.0094259358 | O10: 0.01802206 | P10: 0.41268519 | Q10: 0.41388889 | R10: 8 | S10: 8 | T10: 106.92225 | U10: 121.69253 | V10: 49.9662 | W10: 0.562425 | X10: 0.010535623 | Y10: 0.019875132 | Z10: 0.41390046 | AA10: 0.41527778 | AB10: 118.49321 | AC10: 141.64931 | AD10: 58.348091 | AE10: 0.45672727 | AF10: 0.011528427 | AG10: 0.022033725 | AH10: 0.41548611 | AI10: 0.41667824 | AJ10: 8 | AK10: 8 | AL10: 124.24486 | AM10: 152.09315 | AN10: 50.888026 | AO10: 0.51657143 | AP10: 0.0089692088 | AQ10: 0.017426336 | AR10: 0.41668981 | AS10: 0.41806713 | AT10: 158.54555 | AU10: 198.4035 | AV10: 59.86294 | AW10: 0.53438554 | AX10: 0.010530267 | AY10: 0.019923516 | AZ10: 0.41805556 | BA10: 0.42083333 | BB10: Soundscape | BC10: keine | BD10: I can't recall an exact memory, but it refers to the past (memory, right?). | BE10: Nein | BF10: keine | BG10: Nein | BH10: keine | BI10: Nein | BJ10: keine | BK10: Ja | BL10: A little bit with some video games | BM10: Nein | BN10: keine | BO10: Ja | BP10: Childhood, adolescence | BQ10: Nein | BR10: keine | BS10: Ja | BT10: Calma / Calmness | BU10: 10 | BV10: Calma / Calmness | BW10: Stimme zu | BX10: Stimme überhaupt nicht zu | BY10: Stimme nicht zu | BZ10: Stimme nicht zu | CA10: Stimme nicht zu | CB10: Stimme zu | CC10: Stimme nicht zu | CD10: Stimme zu | CE10: Stimme nicht zu | CF10: Stimme nicht zu | CH10: Weder noch | CI10: Stimme zu | CJ10: Stimme nicht zu | CK10: Stimme zu | CL10: Mäßig | CM10: Gar nicht | CN10: Gar nicht | CO10: 120.22716 | CP10: 155.92907 | CQ10: 117.70211 | CR10: 0.515 | CS10: 0.010968566 | CT10: 0.019680992
A11: 10 | B11: German | C11: male | D11: 31 | E11: TE0+HF+6 | F11: 17.12.2025 | G11: 0.44142361 | H11: 0.46458333 | I11: 0.46597222 | J11: 86.462631 | K11: 110.21117 | L11: 66.200848 | M11: 0.48177778 | N11: 0.0073827297 | O11: 0.018055886 | P11: 0.46613426 | Q11: 0.46706019 | R11: 6 | S11: 5 | T11: 98.350028 | U11: 138.58912 | V11: 37.716656 | W11: 0.56993443 | X11: 0.0073332314 | Y11: 0.019861389 | Z11: 0.46707176 | AA11: 0.46819444 | AB11: 60.598149 | AC11: 74.483857 | AD11: 47.43675 | AE11: 0.50044444 | AF11: 0.0068112927 | AG11: 0.019385904 | AH11: 0.46820602 | AI11: 0.46924769 | AJ11: 6 | AK11: 5 | AL11: 446.56227 | AM11: 647.16997 | AN11: 44.765765 | AO11: 0.52905882 | AP11: 0.0064169111 | AQ11: 0.020758201 | AR11: 0.46925926 | AS11: 0.47063657 | AT11: 59.261909 | AU11: 68.247449 | AV11: 57.746119 | AW11: 0.484 | AX11: 0.010228715 | AY11: 0.02704348 | AZ11: 0.47013889 | BA11: 0.47222222 | BB11: Geräusch | BC11: Rauschen | BD11: Die Waschmaschine ist kaputt gegangen und ich muss sie reparieren | BE11: Nein | BF11: keine | BG11: Ja | BH11: Freund | BI11: Ja | BJ11: meine Wohnung | BK11: Ja | BL11: Waschmaschinenreparatur | BM11: Ja | BN11: Waschmaschine | BO11: Ja | BP11: Zeitpunkt, an dem Waschmaschine kapuut ging | BQ11: Ja | BR11: Wie nervig | BS11: Ja | BT11: genervt sein | BU11: 0.78 | BV11: Ja, angestrengt/genervt sein | BW11: Stimme nicht zu | BX11: Stimme nicht zu | BY11: Stimme nicht zu | BZ11: Stimme völlig zu | CA11: Stimme überhaupt nicht zu | CB11: Stimme zu | CC11: Stimme nicht zu | CD11: Stimme völlig zu | CE11: Stimme nicht zu | CF11: Stimme zu | CH11: Stimme überhaupt nicht zu | CI11: Stimme zu | CJ11: Stimme völlig zu | CK11: Stimme nicht zu | CL11: Ein wenig | CM11: Ein wenig | CN11: Gar nicht | CO11: 55.446904 | CP11: 59.893077 | CQ11: 66.558581 | CR11: 0.59055914 | CS11: 0.037946157 | CT11: 0.11061708
A12: 11 | B12: Ucraine | C12: male | D12: 29 | E12: TE0-10 | F12: 17.12.2025 | G12: 0.549375 | H12: 0.57847222 | I12: 0.57986111 | J12: 132.87192 | K12: 173.32177 | L12: 58.611701 | M12: 0.52009195 | N12: 0.011780134 | O12: 0.029464756 | P12: 0.58037037 | Q12: 0.58143519 | R12: 6 | S12: 5 | T12: 278.41122 | U12: 370.39676 | V12: 45.780269 | W12: 0.5180597 | X12: 0.012503812 | Y12: 0.037269827 | Z12: 0.58144676 | AA12: 0.58210648 | AB12: 101.89126 | AC12: 90.893556 | AD12: 29.188488 | AE12: 0.52146341 | AF12: 0.0143818 | AG12: 0.051738978 | AH12: 0.58211806 | AI12: 0.58283565 | AJ12: 5 | AK12: 4 | AL12: 60.019084 | AM12: 47.562663 | AN12: 30.432348 | AO12: 0.5753913 | AP12: 0.013283435 | AQ12: 0.046103515 | AR12: 0.58284722 | AS12: 0.58402778 | AT12: 51.341652 | AU12: 48.060836 | AV12: 50.143924 | AW12: 0.49058228 | AX12: 0.011001159 | AY12: 0.03258251 | AZ12: 0.58402778 | BA12: 0.5875 | BB12: Soundscape | BC12: None | BD12: Just a some average paywement near road | BE12: No | BF12: None | BG12: No | BH12: None | BI12: Yes | BJ12: City road | BK12: Yes | BL12: Walking | BM12: No | BN12: None | BO12: Yes | BP12: Evening during the September | BQ12: No | BR12: None | BS12: No | BT12: None | BU12: 75% | BV12: None | BW12: Strongly agree | BX12: Disagree | BY12: Neither | BZ12: Disagree | CA12: Strongly agree | CB12: Strongly disagree | CC12: Strongly agree | CD12: Agree | CE12: Strongly agree | CF12: Strongly disagree | CG12: Strongly agree | CH12: Strongly agree | CI12: Disagree | CJ12: Disagree | CK12: Agree | CL12: Dominates completely | CM12: A little | CN12: Not at all | CO12: 58.378487 | CP12: 61.593943 | CQ12: 149.16931 | CR12: 0.52381567 | CS12: 0.0097293185 | CT12: 0.021258962
A13: 12 | B13: China | C13: male | D13: 21 | E13: TE0+HF+6 | F13: 17.12.2025 | G13: 0.6119213 | H13: 0.63472222 | I13: =H13+TIME(0,2,0) -> 0.63611111 | J13: 54.915691 | K13: 73.43721 | L13: 60.120289 | M13: 0.49053012 | N13: 0.014845122 | O13: 0.047569137 | P13: 0.63623843 | Q13: 0.63740741 | R13: 7 | S13: 7 | T13: 83.654965 | U13: 94.185831 | V13: 59.564071 | W13: 0.51811905 | X13: 0.017566037 | Y13: 0.052034154 | Z13: 0.63741898 | AA13: 0.63819444 | AB13: 0 | AD13: 33.634857 | AE13: 0.55697959 | AF13: 0.01907163 | AG13: 0.070646184 | AH13: 0.6390162 | AI13: 0.64025463 | AJ13: 7 | AK13: 7 | AL13: 111.70345 | AM13: 120.8533 | AN13: 52.2857 | AO13: 0.500175 | AP13: 0.018496002 | AQ13: 0.054796066 | AR13: 0.64027778 | AS13: 0.64166667 | AT13: 54.674757 | AU13: 45.162691 | AV13: 59.97492 | AW13: 0.49756322 | AX13: 0.015060007 | AY13: 0.047262632 | AZ13: 0.64166667 | BA13: 0.64375 | BB13: no | BC13: none | BD13: no | BE13: no | BF13: none | BG13: no | BH13: none | BI13: no | BJ13: none | BK13: no | BL13: none | BM13: no | BN13: none | BO13: no | BP13: morning | BQ13: no | BR13: none | BS13: no | BT13: none | BU13: 60 | BV13: none | BW13: Neither | BX13: Agree | BY13: Disagree | BZ13: Neither | CA13: Neither | CB13: Agree | CC13: Neither | CD13: Agree | CE13: Disagree | CF13: Agree | CG13: Disagree | CH13: Disagree | CI13: Agree | CJ13: Agree | CK13: Disagree | CL13: A lot | CM13: Not at all | CN13: A lot | CO13: 71.355474 | CP13: 80.920828 | CQ13: 88.551568 | CR13: 0.53584 | CS13: 0.014925218 | CT13: 0.039826249
A14: 13 | B14: China | C14: female | D14: 24 | E14: TE0+HF+6 | F14: 18.12.2025 | G14: 0.4540162 | H14: 0.47986111 | I14: =H14+TIME(0,2,0) -> 0.48125 | J14: 64.682286 | K14: 30.288525 | L14: 58.547087 | M14: 0.52943478 | N14: 0.010646422 | O14: 0.022669779 | P14: 0.48140046 | Q14: 0.4825 | R14: 7 | S14: 7 | T14: 54.5909 | U14: 51.36613 | V14: 46.873886 | W14: 0.50757143 | X14: 0.011196317 | Y14: 0.025351126 | Z14: 0.48263889 | AA14: 0.48402778 | AB14: 47.766825 | AC14: 34.849008 | AD14: 60.053614 | AE14: 0.48313636 | AF14: 0.010222539 | AG14: 0.022087449 | AH14: 0.48423611 | AI14: 0.48542824 | AJ14: 6 | AK14: 6 | AL14: 76.447666 | AM14: 55.435695 | AN14: 50.269289 | AO14: 0.48442105 | AP14: 0.010202927 | AQ14: 0.023468893 | AR14: 0.48543981 | AS14: 0.48681713 | AT14: 81.389503 | AU14: 115.7339 | AV14: 60.102264 | AW14: 0.48349451 | AX14: 0.010724537 | AY14: 0.022986089 | AZ14: 0.48680556 | BA14: 0.49097222 | BB14: yes | BC14: micphone explods | BD14: something wrong with my earings | BE14: yes | BF14: it means I can by new ones | BG14: no | BH14: none | BI14: ves | BJ14: the dorm in high school | BK14: yes | BL14: stying up late and trying to listen some music | BM14: yes | BN14: phone | BO14: yes | BP14: late mid night | BQ14: yes | BR14: sressful | BS14: yes | BT14: annoyed | BU14: 0 | BV14: yes annoyed | BW14: Strongly disagree | BX14: Strongly agree | BY14: Neither | BZ14: Strongly agree | CA14: Strongly disagree | CB14: Strongly agree | CC14: Strongly disagree | CD14: Strongly disagree | CE14: Strongly disagree | CF14: Strongly agree | CG14: Strongly disagree | CH14: Strongly disagree | CI14: Strongly agree | CJ14: Strongly agree | CK14: Strongly disagree | CL14: Dominates completely | CM14: Not at all | CN14: Not at all | CO14: 61.833733 | CP14: 72.730832 | CQ14: 176.51803 | CR14: 0.50370093 | CS14: 0.023278252 | CT14: 0.033765743
A15: 14 | B15: France | C15: male | D15: 31 | E15: TE0-10 | F15: 18.12.2025 | G15: 0.59328704 | H15: 0.61180556 | I15: =H15+TIME(0,2,0) -> 0.61319444 | J15: 210.79642 | K15: 213.13939 | L15: 83.4065 | M15: 0.335 | N15: 0.54829101 | O15: 0.57999602 | P15: 0.61331019 | Q15: 0.61444444 | R15: 7 | S15: 6 | T15: 57.767632 | U15: 61.726827 | V15: 51.754867 | W15: 0.48891566 | X15: 0.0017810927 | Y15: 0.0036394736 | Z15: 0.61445602 | AA15: 0.61537037 | AB15: 124.1731 | AC15: 168.31753 | AD15: 38.508 | AE15: 0.53613793 | AF15: 0.0027490248 | AG15: 0.0049440189 | AH15: 0.61538194 | AI15: 0.61658565 | AJ15: 7 | AK15: 7 | AL15: 55.52198 | AM15: 52.27437 | AN15: 51.275308 | AO15: 0.53087179 | AP15: 0.0017273948 | AQ15: 0.0035636078 | AR15: 0.61666667 | AS15: 0.61805556 | AT15: 119.78931 | AU15: 127.41927 | AV15: 58.370069 | AW15: 0.54487356 | AX15: 0.0015820854 | AY15: 0.003291591 | AZ15: 0.61805556 | BA15: 0.61944444 | BB15: no | BC15: - | BD15: none | BE15: no | BF15: none | BG15: no | BH15: none | BI15: no | BJ15: none | BK15: no | BL15: none | BM15: no | BN15: none | BO15: no | BP15: none | BQ15: no | BR15: none | BS15: no | BT15: none | BU15: 90 | BV15: none | BW15: Neither | BX15: Disagree | BY15: Agree | BZ15: Disagree | CA15: Agree | CB15: Neither | CC15: Agree | CD15: Disagree | CE15: Disagree | CF15: Disagree | CG15: Neither | CH15: Neither | CI15: Agree | CJ15: Disagree | CK15: Neither | CL15: Dominates completely | CM15: Not at all | CN15: Not at all | CO15: 60.837765 | CP15: 75.739896 | CQ15: 58.594977 | CR15: 0.52006977 | CS15: 0.0016778881 | CT15: 0.0035255538
A16: 15 | B16: China | C16: male | D16: 27 | E16: TE0+Sim+10 | F16: 18.12.2025 | G16: 0.65177083 | H16: 0.67916667 | I16: =H16+TIME(0,2,0) -> 0.68055556 | J16: 96.496544 | K16: 84.763041 | L16: 58.520364 | M16: 0.51761364 | N16: 0.012812926 | O16: 0.041869859 | P16: 0.68152778 | Q16: 0.68269676 | R16: 7 | S16: 7 | T16: 77.419832 | U16: 78.209926 | V16: 50.085041 | W16: 0.49134247 | X16: 0.015119304 | Y16: 0.045951344 | Z16: 0.68270833 | AA16: 0.68408565 | AB16: 88.14595 | AC16: 93.397231 | AD16: 58.439477 | AE16: 0.52986364 | AF16: 0.012102669 | AG16: 0.036783882 | AH16: 0.68421296 | AI16: 0.68543981 | AJ16: 7 | AK16: 6 | AL16: 54.743664 | AM16: 58.963724 | AN16: 51.9983 | AO16: 0.49215 | AP16: 0.011024104 | AQ16: 0.035760643 | AR16: 0.68545139 | AS16: 0.6868287 | AT16: 96.005693 | AU16: 96.857669 | AV16: 59.783356 | AW16: 0.5028046 | AX16: 0.013078134 | AY16: 0.037817284 | AZ16: 0.68680556 | BA16: 0.69097222 | BB16: sound | BC16: piano sound | BD16: one tree on grass with sunshine | BE16: yes | BF16: classic music ang nature | BG16: yes | BH16: my family | BI16: yes | BJ16: gardon | BK16: yes | BL16: walking | BM16: yes | BN16: tree | BO16: no | BP16: none | BQ16: yes | BR16: lay down on grass in a gardon | BS16: yes | BT16: happy | BU16: 30% | BV16: miss to homeland | BW16: Agree | BX16: Disagree | BY16: Disagree | BZ16: Strongly agree | CA16: Agree | CB16: Strongly disagree | CC16: Strongly disagree | CD16: Neither | CE16: Agree | CF16: Disagree | CG16: Agree | CH16: Agree | CI16: Disagree | CJ16: Strongly disagree | CK16: Agree | CL16: Not at all | CM16: Not at all | CN16: A lot | CO16: 78.472766 | CP16: 84.00114 | CQ16: 178.40248 | CR16: 0.50199206 | CS16: 0.01067938 | CT16: 0.024268535
A17: 16 | B17: German | C17: female | D17: 63 | E17: TE0 | F17: 19.12.2025 | G17: 0.34951389 | H17: 0.375 | I17: =H17+TIME(0,2,0) -> 0.37638889 | J17: 28.064852 | K17: 20.96664 | L17: 59.055287 | M17: 0.4531954 | N17: 0.008665442 | O17: 0.02456822 | P17: 0.37653935 | Q17: 0.37778935 | R17: 7 | S17: 6 | T17: 40.294287 | U17: 18.331204 | V17: 52.560775 | W17: 0.500525 | X17: 0.012306303 | Y17: 0.031120537 | Z17: 0.37780093 | AA17: 0.37916667 | AB17: 54.57716 | AC17: 20.318995 | AD17: 59.07623 | AE17: 0.45995402 | AF17: 0.011088403 | AG17: 0.027910014 | AH17: 0.37930556 | AI17: 0.38038194 | AJ17: 6 | AK17: 5 | AL17: 45.29413 | AM17: 20.283567 | AN17: 45.690657 | AO17: 0.45567164 | AP17: 0.011694034 | AQ17: 0.031678289 | AR17: 0.38039352 | AS17: 0.38177083 | AT17: 42.098584 | AU17: 23.502598 | AV17: 58.290989 | AW17: 0.49650575 | AX17: 0.01181937 | AY17: 0.028686981 | AZ17: 0.38125 | BA17: 0.3875 | BB17: Geräusch, Landschaft | BC17: Straßengeräusch an stark befahrender Straße | BD17: stark befahrene Straße am Elbufer. Ich kann als Fußgänger schwer auf die andere Seite kommen | BE17: ja | BF17: ich möchte ans Elbufer, um dort spazieren zu gehen | BG17: ja | BH17: mein Mann | BI17: ja | BJ17: Straße am Elbufer in Dresden | BK17: ja | BL17: ich möchte die Straße überqueren | BM17: ja | BN17: viele Autos | BO17: ja | BP17: Sommerabend | BQ17: ja | BR17: ich möchte auf die andere ruhige Seite | BS17: ja | BT17: etwas genervt | BU17: 80% | BV17: nervig, etwas unangenehm | BW17: Stimme nicht zu | BX17: Stimme zu | BY17: Stimme völlig zu | BZ17: Stimme nicht zu | CA17: Weder noch | CB17: Stimme zu | CC17: Stimme zu | CD17: Stimme nicht zu | CE17: Stimme nicht zu | CF17: Stimme zu | CH17: Stimme nicht zu | CI17: Stimme zu | CJ17: Stimme zu | CK17: Stimme überhaupt nicht zu | CL17: Stark | CM17: Gar nicht | CN17: Gar nicht | CO17: 31.054278 | CP17: 35.017689 | CQ17: 246.07229 | CR17: 0.47761957 | CS17: 0.0093120422 | CT17: 0.017891082
A18: 17 | B18: India | C18: male | D18: 40 | E18: TE0+Sim+10 | F18: 19.12.2025 | G18: 0.43765046 | H18: 0.46527778 | I18: =H18+TIME(0,2,0) -> 0.46666667 | J18: 378.40052 | K18: 501.28062 | L18: 58.292813 | M18: 0.54318681 | N18: 0.008200738 | O18: 0.01905156 | P18: 0.46696759 | Q18: 0.46819444 | R18: 7 | S18: 6 | T18: 387.28211 | U18: 565.5463 | V18: 53.536268 | W18: 0.52590244 | X18: 0.0083934988 | Y18: 0.020676851 | Z18: 0.46820602 | AA18: 0.46958333 | AB18: 317.66533 | AC18: 430.17974 | AD18: 59.773872 | AE18: 0.54580851 | AF18: 0.0082832377 | AG18: 0.019512733 | AH18: 0.46959491 | AI18: 0.47033565 | AJ18: 5 | AK18: 5 | AL18: 423.0844 | AM18: 571.99265 | AN18: 30.902542 | AO18: 0.52225 | AP18: 0.0079627807 | AQ18: 0.023789296 | AR18: 0.47034722 | AS18: 0.47172454 | AT18: 316.06942 | AU18: 431.7612 | AV18: 60.243045 | AW18: 0.50806818 | AX18: 0.0084574588 | AY18: 0.020324125 | AZ18: 0.47222222 | BA18: 0.47430556 | BB18: Sound | BC18: The Music in the Sunny day | BD18: It reminds me the listening to the music while sitting ini the similar place | BE18: Yes | BF18: Reminds me the days I spent | BG18: no | BH18: none | BI18: Yes | BJ18: My hometown | BK18: Yes | BL18: Spending time with my friends | BM18: Yes | BN18: My car | BO18: Yes | BP18: A Sunny day | BQ18: no | BR18: none | BS18: Yes | BT18: Missing my hometown and friends | BU18: 70 | BV18: none | BW18: Neither | BX18: Disagree | BY18: Neither | BZ18: Neither | CA18: Neither | CB18: Disagree | CC18: Disagree | CD18: Disagree | CE18: Disagree | CF18: Neither | CG18: Neither | CH18: Agree | CI18: Neither | CJ18: Neither | CK18: Neither | CL18: Moderately | CM18: A little | CN18: A lot | CO18: 381.57481 | CP18: 521.21812 | CQ18: 88.442031 | CR18: 0.55229688 | CS18: 0.0097160718 | CT18: 0.02055824
A19: 18 | B19: China | C19: male | D19: 25 | E19: TE0-10 | F19: 19.12.2025 | G19: 0.57206019 | H19: 0.59722222 | I19: =H19+TIME(0,2,0) -> 0.59861111 | J19: 326.09901 | K19: 421.20136 | L19: 59.294651 | M19: 0.42697674 | N19: 0.0099314372 | O19: 0.023002678 | P19: 0.59880787 | Q19: 0.59989583 | R19: 7 | S19: 7 | T19: 411.78154 | U19: 581.57858 | V19: 46.905577 | W19: 0.47369014 | X19: 0.013344146 | Y19: 0.029767038 | Z19: 0.6 | AA19: 0.60277778 | AB19: 470.80041 | AC19: 497.02465 | AD19: 119.23718 | AE19: 0.53221839 | AF19: 0.011460653 | AG19: 0.022207599 | AH19: 0.60295139 | AI19: 0.60407407 | AJ19: 4 | AK19: 3 | AL19: 406.26002 | AM19: 529.76635 | AN19: 47.598972 | AO19: 0.47391667 | AP19: 0.012326778 | AQ19: 0.027829792 | AR19: 0.60416667 | AS19: 0.60555556 | AT19: 313.55191 | AU19: 511.07534 | AV19: 58.200705 | AW19: 0.51831818 | AX19: 0.011564286 | AY19: 0.025146184 | AZ19: 0.60555556 | BA19: 0.60972222 | BB19: sound | BC19: someone walking on the leaves | BD19: walking to the campus to have class in autumn morning in dresden | BE19: no | BF19: no | BG19: no | BH19: no | BI19: yes | BJ19: i would say the tram station of reichenbachstrasse or Nürberger Platz | BK19: yes | BL19: Going to have lecture or grocery shopping | BM19: yes | BN19: tress | BO19: yes | BP19: autumn | BQ19: no | BR19: no | BS19: yes | BT19: a bit of joy because it's kind of fun to play around with the leaves | BU19: 70 | BV19: a bit of joy and also a bit of sadness for the not longlasting autumn view | BW19: Agree | BX19: Neither | BY19: Neither | BZ19: Neither | CA19: Neither | CB19: Disagree | CC19: Neither | CD19: Neither | CE19: Neither | CF19: Disagree | CG19: Neither | CH19: Neither | CI19: Disagree | CJ19: Disagree | CK19: Neither | CL19: Moderately | CM19: Moderately | CN19: Moderately | CO19: 439.59818 | CP19: 581.03987 | CQ19: 180.44681 | CR19: 0.51192481 | CS19: 0.010107358 | CT19: 0.019108026
A20: 19 | B20: Singapore | C20: male | D20: 19 | E20: TE0+HF+6 | F20: 19.12.2025 | G20: 0.64271991 | H20: 0.66666667 | I20: =H20+TIME(0,2,0) -> 0.66805556 | J20: 242.76921 | K20: 372.58556 | L20: 58.769568 | M20: 0.47843182 | N20: 0.012487077 | O20: 0.032228422 | P20: 0.66820602 | Q20: 0.66856481 | R20: 3 | S20: 2 | T20: 230.73162 | U20: 286.84297 | V20: 14.692308 | W20: 0.57830769 | X20: 0.025399892 | Y20: 0.067249346 | Z20: 0.66857639 | AA20: 0.66962963 | AB20: 130.31978 | AC20: 144.54682 | AD20: 44.503818 | AE20: 0.56615152 | AF20: 0.011805006 | AG20: 0.035179875 | AH20: 0.6696412 | AI20: 0.67072917 | AJ20: 6 | AK20: 6 | AL20: 122.44612 | AM20: 164.17855 | AN20: 47.411722 | AO20: 0.49058333 | AP20: 0.011725783 | AQ20: 0.03180493 | AR20: 0.67083333 | AS20: 0.67222222 | AT20: 112.4379 | AU20: 109.81208 | AV20: 59.853793 | AW20: 0.51227586 | AX20: 0.011209031 | AY20: 0.030792034 | AZ20: 0.67222222 | BA20: 0.67291667 | BB20: no | BC20: no | BD20: its the same | BE20: no | BF20: no | BG20: no | BH20: no | BI20: no | BJ20: no | BK20: no | BL20: no | BM20: no | BN20: no | BO20: no | BP20: no | BQ20: no | BR20: no | BS20: no | BT20: no | BU20: 80 | BV20: no | BW20: Neither | BX20: Neither | BY20: Neither | BZ20: Neither | CA20: Disagree | CB20: Neither | CC20: Neither | CD20: Strongly agree | CE20: Disagree | CF20: Neither | CG20: Neither | CH20: Neither | CI20: Agree | CJ20: Neither | CK20: Disagree | CL20: Moderately | CM20: Not at all | CN20: Not at all | CO20: 91.776562 | CP20: 68.533089 | CQ20: 58.858391 | CR20: 0.49227586 | CS20: 0.011146718 | CT20: 0.029767624
A21: 20 | B21: China | C21: male | D21: 23 | E21: TE0 | F21: 06.01.2026 | G21: 0.5500463 | H21: 0.57222222 | I21: =H21+TIME(0,2,0) -> 0.57361111 | J21: 187.01401 | K21: 263.32618 | L21: 53.775321 | M21: 0.52158491 | N21: 0.042609282 | O21: 0.11543543 | P21: 0.57384259 | Q21: 0.57501157 | R21: 7 | S21: 7 | T21: 54.687268 | U21: 77.663359 | V21: 45.613531 | W21: 0.50484375 | X21: 0.025383267 | Y21: 0.089409262 | Z21: 0.57502315 | AA21: 0.57640046 | AB21: 37.791303 | AC21: 42.680632 | AD21: 56.045029 | AE21: 0.53122857 | AF21: 0.031758239 | AG21: 0.094893463 | AH21: 0.57657407 | AI21: 0.5778588 | AJ21: 7 | AK21: 6 | AL21: 41.902524 | AM21: 38.032598 | AN21: 55.105081 | AO21: 0.45362162 | AP21: 0.025007985 | AQ21: 0.070455054 | AR21: 0.57787037 | AS21: 0.57924769 | AT21: 34.079825 | AU21: 15.421074 | AV21: 56.373056 | AW21: 0.50919444 | AX21: 0.032976242 | AY21: 0.092369999 | AZ21: 0.57916667 | BA21: 0.58263889 | BB21: sound | BC21: step on leaves | BD21: way to university from my last appartment, step on yellow leaves, much yellow than leaves in video | BE21: No | BF21: No | BG21: yes | BH21: me | BI21: yes | BJ21: forget the streetname, but it was halfway to university | BK21: yes | BL21: way to class | BM21: Yes | BN21: leaf | BO21: No | BP21: No | BQ21: No | BR21: No | BS21: No | BT21: No | BU21: 90 | BV21: a little bit noisy | BW21: Neither | BX21: Disagree | BY21: Disagree | BZ21: Agree | CA21: Neither | CB21: Agree | CC21: Disagree | CD21: Agree | CE21: Disagree | CF21: Agree | CG21: Disagree | CH21: Disagree | CI21: Agree | CJ21: Agree | CK21: Disagree | CL21: A lot | CM21: Moderately | CN21: A little | CO21: 83.963421 | CP21: 103.91364 | CQ21: 151.5233 | CR21: 0.53755682 | CS21: 0.041746024 | CT21: 0.088096903
A22: 21 | B22: China | C22: male | D22: 23 | E22: TE0-10 | F22: 07.01.2026 | G22: 0.41842593 | H22: 0.45138889 | I22: =H22+TIME(0,2,0) -> 0.45277778 | J22: 44.2686 | K22: 25.848275 | L22: 58.05181 | M22: 0.48714286 | N22: 0.013074828 | O22: 0.029246974 | P22: 0.45320602 | Q22: 0.45440972 | R22: 8 | S22: 8 | T22: 68.593071 | U22: 49.700619 | V22: 51.982231 | W22: 0.46266667 | X22: 0.013784987 | Y22: 0.030171702 | Z22: 0.4544213 | AA22: 0.4559838 | AB22: 65.907251 | AC22: 25.456358 | AD22: 57.877551 | AE22: 0.52417978 | AF22: 0.013048728 | AG22: 0.028781313 | AH22: 0.45599537 | AI22: 0.45703704 | AJ22: 7 | AK22: 7 | AL22: 69.605782 | AM22: 41.310078 | AN22: 44.802123 | AO22: 0.51538462 | AP22: 0.013985395 | AQ22: 0.032486704 | AR22: 0.45704861 | AS22: 0.45842593 | AT22: 75.885913 | AU22: 37.594092 | AV22: 55.058198 | AW22: 0.56182716 | AX22: 0.011606656 | AY22: 0.026809582 | AZ22: 0.45833333 | BA22: 0.45972222 | BB22: nein | BC22: kein | BD22: kein | BE22: nein | BF22: keine | BG22: nein | BH22: keine | BI22: ja | BJ22: neben meine wohnung | BK22: ja | BL22: gehen zur universität | BM22: nein | BN22: keine | BO22: ja | BP22: morgen oder abend | BQ22: nein | BR22: keine | BS22: nein | BT22: keine | BU22: 95 | BV22: nein | BW22: Stimme zu | BX22: Stimme völlig zu | BY22: Stimme völlig zu | BZ22: Weder noch | CA22: Weder noch | CB22: Stimme zu | CC22: Weder noch | CD22: Weder noch | CE22: Stimme zu | CF22: Stimme nicht zu | CH22: Weder noch | CI22: Stimme nicht zu | CJ22: Stimme nicht zu | CK22: Stimme zu | CL22: Ein wenig | CM22: Gar nicht | CN22: Ein wenig | CO22: 40.891856 | CP22: 27.794655 | CQ22: 58.333978 | CR22: 0.48292135 | CS22: 0.012650106 | CT22: 0.027492282
A23: 22 | B23: China | C23: female | D23: 25 | E23: TE0 | F23: 07.01.2027 | G23: 0.63670139 | H23: 0.67222222 | I23: =H23+TIME(0,2,0) -> 0.67361111 | J23: 126.40121 | K23: 159.63316 | L23: 58.722901 | M23: 0.47017582 | N23: 0.012099902 | O23: 0.022827958 | P23: 0.67378472 | Q23: 0.67494213 | R23: 8 | S23: 8 | T23: 84.35938 | U23: 101.4842 | V23: 50.491467 | W23: 0.47981333 | X23: 0.015502876 | Y23: 0.0268271 | Z23: 0.675 | AA23: 0.67638889 | AB23: 83.002584 | AC23: 91.228848 | AD23: 60.199124 | AE23: 0.46937079 | AF23: 0.014379975 | AG23: 0.024524006 | AH23: 0.6765625 | AI23: 0.67763889 | AJ23: 7 | AK23: 7 | AL23: 66.342776 | AM23: 81.713123 | AN23: 45.976265 | AO23: 0.55591176 | AP23: 0.016408187 | AQ23: 0.027007566 | AR23: 0.67777778 | AS23: 0.67916667 | AT23: 181.62843 | AU23: 227.10277 | AV23: 61.315843 | AW23: 0.48408989 | AX23: 0.015588434 | AY23: 0.026676532 | AZ23: 0.67916667 | BA23: 0.68402778 | BB23: Nein | BC23: Nein | BD23: Nein | BE23: Nein | BF23: keine | BG23: Nein | BH23: keine | BI23: Ja | BJ23: Straßen, aber eher am Stadtrand | BK23: Nein | BL23: keine | BM23: Ja | BN23: Staubsauger | BO23: Ja | BP23: Winterferien | BQ23: Ja | BR23: Wo bin ich | BS23: Nein | BT23: keine | BU23: 75% | BV23: Nein | BW23: Weder noch | BX23: Stimme zu | BY23: Weder noch | BZ23: Stimme nicht zu | CA23: Weder noch | CB23: Weder noch | CC23: Stimme zu | CD23: Weder noch | CE23: Stimme nicht zu | CF23: Stimme nicht zu | CH23: Weder noch | CI23: Stimme nicht zu | CJ23: Stimme nicht zu | CK23: Stimme nicht zu | CL23: Mäßig | CM23: Gar nicht | CN23: Ein wenig | CO23: 85.612688 | CP23: 102.03969 | CQ23: 208.64147 | CR23: 0.52263736 | CS23: 0.024422672 | CT23: 0.037141008
A24: 23 | B24: China | C24: male | D24: 25 | E24: TE0+Sim+10 | F24: 08.01.2026 | G24: 0.58777778 | H24: 0.60902778 | I24: =H24+TIME(0,2,0) -> 0.61041667 | J24: 42.500126 | K24: 42.350658 | L24: 58.445909 | M24: 0.52325 | N24: 0.016125938 | O24: 0.043059656 | P24: 0.610625 | Q24: 0.61136574 | R24: 6 | S24: 5 | T24: 48.000709 | U24: 63.508141 | V24: 39.998667 | W24: 0.25 | X24: 1.1386973 | Y24: 1.6604051 | Z24: 0.61136574 | AA24: 0.6125 | AB24: 62.702686 | AC24: 70.560468 | AD24: 47.517455 | AE24: 0.52 | AF24: 0.026433263 | AG24: 0.063248463
A25: 24 | B25: China | C25: male | D25: 27 | E25: TE0+SL+10 | F25: 08.01.2027 | G25: 0.73119213 | H25: 0.76111111 | I25: =H25+TIME(0,2,0) -> 0.7625 | J25: 333.94702 | K25: 499.3378 | L25: 59.158322 | M25: 0.46071264 | N25: 0.013508266 | O25: 0.025108857 | P25: 0.76277778 | Q25: 0.76388889 | R25: 7 | S25: 7 | T25: 43.308435 | U25: 27.326375 | V25: 47.814306 | W25: 0.55286111 | X25: 0.013850978 | Y25: 0.025945804 | Z25: 0.76390046 | AA25: 0.76527778 | AB25: 424.33235 | AC25: 415.06463 | AD25: 59.888374 | AE25: 0.50131868 | AF25: 0.01376796 | AG25: 0.025475056 | AH25: 0.76547454 | AI25: 0.76668981 | AJ25: 6 | AK25: 6 | AL25: 67.408576 | AM25: 89.057081 | AN25: 52.899051 | AO25: 0.44433333 | AP25: 0.01331179 | AQ25: 0.025337377 | AR25: 0.76670139 | AS25: 0.76805556 | AT25: 184.91293 | AU25: 246.26628 | AV25: 57.762241 | AW25: 0.52910843 | AX25: 0.013652673 | AY25: 0.025907908 | AZ25: 0.76805556 | BA25: 0.77152778 | BB25: Nein | BC25: Nein | BD25: Nein | BE25: Nein | BF25: keine | BG25: Ja | BH25: Tanzer | BI25: Nein | BJ25: keine | BK25: Nein | BL25: keine | BM25: Nein | BN25: keine | BO25: ja | BP25: Kinderheit | BQ25: Nein | BR25: keine | BS25: Nein | BT25: keine | BU25: 0% | BV25: Nein | BW25: Stimme nicht zu | BX25: Stimme zu | BY25: Weder noch | BZ25: Weder noch | CA25: Stimme nicht zu | CB25: Stimme zu | CC25: Weder noch | CD25: Weder noch | CE25: Stimme nicht zu | CF25: Stimme völlig zu | CH25: Stimme nicht zu | CI25: Stimme zu | CJ25: Stimme zu | CK25: Stimme nicht zu | CL25: Ein wenig | CM25: Stark | CN25: Ein wenig | CO25: 363.43766 | CP25: 474.58286 | CQ25: 147.70686 | CR25: 0.48257919 | CS25: 0.013245395 | CT25: 0.022630006
A26: 25 | B26: Taiwan | C26: female | D26: 30 | E26: TE0 | F26: 09.01.2026 | G26: 0.4394213 | H26: 0.46458333 | I26: =H26+TIME(0,2,0) -> 0.46597222 | J26: 193.73455 | K26: 304.00147 | L26: 58.464605 | M26: 0.53830233 | N26: 0.015252737 | O26: 0.034489708 | P26: 0.46623843 | Q26: 0.46747685 | R26: 8 | S26: 8 | T26: 157.22493 | U26: 216.18369 | V26: 52.4701 | W26: 0.554375 | X26: 0.013238164 | Y26: 0.033199764 | Z26: 0.46748843 | AA26: 0.46875 | AB26: 130.05016 | AC26: 172.48572 | AD26: 55.034775 | AE26: 0.488125 | AF26: 0.013591441 | AG26: 0.033042257 | AH26: 0.46938657 | AI26: 0.47049769 | AJ26: 6 | AK26: 6 | AL26: 173.80376 | AM26: 212.03378 | AN26: 47.0545 | AO26: 0.57861111 | AP26: 0.012988914 | AQ26: 0.033026597 | AR26: 0.47050926 | AS26: 0.47152778 | AT26: 0 | AV26: 42.893968 | AW26: 0.43996774 | AX26: 0.015569872 | AY26: 0.038727645 | AZ26: 0.47152778 | BA26: 0.47569444 | BB26: klangandschaft | BC26: falls nicht zutreffend | BD26: zu Hause | BE26: Nien | BF26: keine | BG26: Nien | BH26: keine | BI26: Ja | BJ26: in Straße | BK26: Nien | BL26: keine | BM26: Nein | BN26: keine | BO26: Ja | BP26: die Unterwegs zu der Uni | BQ26: Nein | BR26: keine | BS26: Nien | BT26: keine | BU26: 80% | BV26: rühig | BW26: Stimme völlig zu | BX26: Weder noch | BY26: Stimme völlig zu | BZ26: Weder noch | CA26: Stimme völlig zu | CB26: Weder noch | CC26: Weder noch | CD26: Stimme völlig zu | CE26: Stimme völlig zu | CF26: Weder noch | CH26: Stimme völlig zu | CI26: Stimme überhaupt nicht zu | CJ26: Stimme überhaupt nicht zu | CK26: Stimme völlig zu | CL26: Gar nicht | CM26: Gar nicht | CN26: Vollständig dominierend | CO26: 115.87969 | CP26: 165.93631 | CQ26: 187.60707 | CR26: 0.53370297 | CS26: 0.032497706 | CT26: 0.051208829

Sheet S4 Datalog + Results
A1: ID | B1: Nationality | C1: Gender | D1: Age | E1: Audio file | F1: Date | G1: Start Physiological recording | H1: #1 Start 1.Baseline S4 | I1: #2 End 1.Baseline S4 | J1: #1 ECG - SDNN | K1: ECG - RMSSD | L1: #2 EDA - SCR onset | M1: # 3 EDA - SCR latency or rise time | N1: #4 EDA - SCR peak amplitude | O1: # 5 EDA - SCR peak prominence | P1: Start DSP FW S4 | Q1: End DSP FW S4 | R1: Trials DSP FW | S1: Correct trials DSP FW | T1: #6 ECG - SDNN | U1: ECG - RMSSD | V1: #7 EDA - SCR onset | W1: # 8 EDA - SCR latency or rise time | X1: #9 EDA - SCR peak amplitude | Y1: # 10 EDA - SCR peak prominence | Z1: #3 Start 2.Baseline S4 | AA1: #4 End 2. Baseline S4 | AB1: #11 ECG - SDNN | AC1: ECG - RMSSD | AD1: #12 EDA - SCR onset | AE1: # 13 EDA - SCR latency or rise time | AF1: #14 EDA - SCR peak amplitude | AG1: # 15 EDA - SCR peak prominence | AH1: Start DSP BW S4 | AI1: End DSP BW S4 | AJ1: Trials DSP BW | AK1: Correct trials DSP BW | AL1: #16 ECG - SDNN | AM1: ECG - RMSSD | AN1: #17 EDA - SCR onset | AO1: # 18 EDA - SCR latency or rise time | AP1: #19 EDA - SCR peak amplitude | AQ1: # 20 EDA - SCR peak prominence | AR1: #5 Start 3. Baseline S4 | AS1: #6 End 3. Baseline S4 | AT1: #21 ECG - SDNN | AU1: ECG - RMSSD | AV1: #22 EDA - SCR onset | AW1: # 23 EDA - SCR latency or rise time | AX1: #24 EDA - SCR peak amplitude | AY1: # 25 EDA - SCR peak prominence | AZ1: Start Memo S4 | BA1: End Memo S4 | BB1: AIsYourMemoryTriggeredByASpecificSoundOrOverallSoundscapeSoundS | BC1: IfSoundPleaseSpecifyleaveBlankIfNotApplicable | BD1: BDescribeYourMemoryInAsMuchDetailAsPossible | BE1: CIsThisAMeaningfulEventYesNo | BF1: IfYesSpecifyOtherwiseWriteNone | BG1: DIsThisConnectedToAPersonYesNo | BH1: IfYesSpecifyOtherwiseWriteNone_1 | BI1: EIsThisAssociatedWithAPlaceYesNo | BJ1: IfYesSpecifyOtherwiseWriteNone_2 | BK1: FIsThisLinkedToAnActivityYesNo | BL1: IfYesSpecifyOtherwiseWriteNone_3 | BM1: GIsThisAssociatedWithAnObjectYesNo | BN1: IfYesSpecifyOtherwiseWriteNone_4 | BO1: HIsThisConnectedToASpecificTimeYesNo | BP1: IfYesSpecifyOtherwiseWriteNone_5 | BQ1: IIsThisAssociatedWithAThoughtYesNo | BR1: IfYesSpecifyOtherwiseWriteNone_6 | BS1: JIsThisConnectedToAnEmotionYesNo | BT1: IfYesSpecifyOtherwiseWriteNone_7 | BU1: ToWhatExtentIsThePresentSoundEnvironmentAppropriateToThePlacePl | BV1: DoesTheSoundscapeEvokeAnyEmotionsIfYesWhichOnes | BW1: Agreement_PLEASANT | BX1: Agreement_CHAOTIC | BY1: Agreement_VIBRANT | BZ1: Agreement_UNEVENTFUL | CA1: Agreement_CALM | CB1: Agreement_ANNOYING | CC1: Agreement_EVENTFUL | CD1: Agreement_MONOTONOUS | CE1: Agreement_QUIET | CF1: Agreement_UNCOMFORTABLE | CG1: Agreement_COMFORTABLE | CH1: Agreement_NOTANNOYING | CI1: Agreement_NOISY | CJ1: Agreement_EXHAUSTING | CK1: Agreement_RELAXING | CL1: Intensity_MechanicalSounds | CM1: Intensity_HumanSounds | CN1: Intensity_NaturalSounds | CO1: #26 ECG - SDNN | CP1: ECG - RMSSD | CQ1: #27 EDA - SCR onset | CR1: # 28 EDA - SCR latency or rise time | CS1: #29 EDA - SCR peak amplitude | CT1: # 30 EDA - SCR peak prominence | CU1: Feedback
A2: 1 | B2: Turkey | C2: male | D2: 36 | E2: TE0+Sim+10 | F2: 11.12.2025 | G2: - | H2: 0.63333333 | I2: 0.63472222 | J2: 101.5317 | K2: 132.46314 | L2: 59.396621 | M2: 0.52852874 | N2: 0.0089132844 | O2: 0.020187738 | P2: 0.6349537 | Q2: 0.63634259 | R2: 7 | S2: 7 | T2: 58.074329 | U2: 56.715625 | V2: 59.511548 | W2: 0.50969048 | X2: 0.0069581719 | Y2: 0.01854862 | Z2: 0.63680556 | AA2: 0.63819444 | AB2: 61.047049 | AC2: 59.312293 | AD2: 59.02773 | AE2: 0.5431236 | AF2: 0.007820031 | AG2: 0.019484874 | AH2: 0.63819444 | AI2: 0.63966435 | AJ2: 7 | AK2: 7 | AL2: 48.516009 | AM2: 35.585109 | AN2: 63.570021 | AO2: 0.50760825 | AP2: 0.00758871 | AQ2: 0.018945789 | AR2: 0.63967593 | AS2: 0.64106481 | AT2: 72.548691 | AU2: 42.330215 | AV2: 58.676932 | AW2: 0.51375 | AX2: 0.0074760804 | AY2: 0.020066215 | AZ2: 0.64107639 | BA2: 0.64430556 | BB2: Yes | BC2: The music | BD2: Mostly focused on the test | BE2: No | BF2: None | BG2: Yes | BH2: My cousinb | BI2: Yes | BJ2: The road | BK2: No | BL2: None | BM2: None | BN2: None | BO2: Yes | BP2: 10 years ago when she was spending some time with us | BQ2: Yes | BR2: The change of the life | BS2: No | BT2: None | BU2: 100 | BV2: Yes. Curosity, sadness, hope | BW2: Agree | BX2: Disagree | BY2: Agree | BZ2: Disagree | CA2: Disagree | CB2: Disagree | CC2: Agree | CD2: Disagree | CE2: Disagree | CF2: Disagree | CG2: Disagree | CH2: Neither | CI2: Agree | CJ2: Neither | CK2: Neither | CL2: A lot | CM2: Not at all | CN2: Not at all | CO2: 43.368027 | CP2: 35.163361 | CQ2: 137.59364 | CR2: 0.55052308 | CS2: 0.0060897235 | CT2: 0.014251002 | CU2: Memory Test Time Limit
A3: 2 | B3: China | C3: male | D3: 24 | E3: TE0+HF+6 | F3: 12.12.2025 | H3: 0.48402778 | I3: =H3+TIME(0,2,0) -> 0.48541667 | J3: 150.01483 | K3: 112.54505 | L3: 57.028414 | M3: 0.45928736 | N3: 0.0087403799 | O3: 0.01873253 | P3: 0.48592593 | Q3: 0.48716435 | R3: 8 | S3: 8 | T3: 113.83293 | U3: 60.666236 | V3: 52.969235 | W3: 0.44530864 | X3: 0.008287989 | Y3: 0.019494654 | Z3: 0.48717593 | AA3: 0.48819444 | AB3: 106.02852 | AC3: 101.49411 | AD3: 43.162478 | AE3: 0.45167164 | AF3: 0.0087174093 | AG3: 0.021655827 | AH3: 0.48837963 | AI3: 0.48959491 | AJ3: 7 | AK3: 7 | AL3: 153.33188 | AM3: 122.20371 | AN3: 52.6173 | AO3: 0.459125 | AP3: 0.0083913483 | AQ3: 0.019406514 | AR3: 0.48960648 | AS3: 0.4909838 | AT3: 119.34579 | AU3: 113.68112 | AV3: 59.482753 | AW3: 0.46936471 | AX3: 0.0084459024 | AY3: 0.019661463 | AZ3: 0.49097222 | BA3: 0.49305556 | BB3: no | BC3: none | BD3: no | BE3: yes | BF3: it is peaceful | BG3: no | BH3: none | BI3: yes | BJ3: inside the car | BK3: yes | BL3: sleeping | BM3: yes | BN3: window | BO3: no | BP3: none | BQ3: no | BR3: none | BS3: no | BT3: none | BU3: 85% | BV3: no | BW3: Agree | BX3: Disagree | BY3: Agree | BZ3: Disagree | CA3: Agree | CB3: Disagree | CC3: Agree | CD3: Agree | CE3: Agree | CF3: Disagree | CG3: Agree | CH3: Agree | CI3: Disagree | CJ3: Agree | CK3: Disagree | CL3: A lot | CM3: Not at all | CN3: A little | CO3: 142.70037 | CP3: 151.61436 | CQ3: 87.141664 | CR3: 0.47742657 | CS3: 0.0079050795 | CT3: 0.016447059 | CU3: Learning time backward maybe loud
A4: 3 | B4: Singapore | C4: male | D4: 21 | E4: TE0+SL+10 | F4: 12.12.2025 | H4: 0.60694444 | I4: =H4+TIME(0,2,0) -> 0.60833333 | J4: 449.5275 | K4: 551.44235 | L4: 60.234894 | M4: 0.52268235 | N4: 0.0097110214 | O4: 0.024900477 | P4: 0.60861111 | Q4: 0.60983796 | R4: 7 | S4: 6 | T4: 271.72436 | U4: 326.44764 | V4: 51.377051 | W4: 0.46694872 | X4: 0.010187073 | Y4: 0.02625852 | Z4: 0.60984954 | AA4: 0.61122685 | AB4: 89.632624 | AC4: 78.919594 | AD4: 60.594186 | AE4: 0.5492093 | AF4: 0.0094065298 | AG4: 0.025139006 | AH4: 0.61131944 | AI4: 0.61234954 | AJ4: 6 | AK4: 6 | AL4: 208.63381 | AM4: 295.97246 | AN4: 43.496531 | AO4: 0.51728125 | AP4: 0.010174673 | AQ4: 0.030698401 | AR4: 0.6125 | AS4: 0.61388889 | AT4: 333.80631 | AU4: 484.72626 | AV4: 59.365236 | AW4: 0.45426966 | AX4: 0.0087105947 | AY4: 0.02456375 | AZ4: 0.61388889 | BA4: 0.61527778 | BB4: sound | BC4: vehicle noise while driving | BD4: no | BE4: no | BF4: none | BG4: no | BH4: none | BI4: yes | BJ4: farm | BK4: no | BL4: none | BM4: yes | BN4: cars | BO4: no | BP4: none | BQ4: no | BR4: none | BS4: no | BT4: none | BU4: 80 | BV4: no | BW4: Neither | BX4: Neither | BY4: Agree | BZ4: Neither | CA4: Disagree | CB4: Agree | CC4: Neither | CD4: Neither | CE4: Disagree | CF4: Neither | CG4: Neither | CH4: Neither | CI4: Agree | CJ4: Agree | CK4: Disagree | CL4: Moderately | CM4: Not at all | CN4: A little | CO4: 139.34829 | CP4: 204.04958 | CQ4: 59.170552 | CR4: 0.50657471 | CS4: 0.0086036316 | CT4: 0.024632845 | CU4: practice before test
A5: 4 | B5: China | C5: female | D5: 28 | E5: TE0 | F5: 15.12.2025 | H5: 0.5 | I5: =H5+TIME(0,2,0) -> 0.50138889 | J5: 253.36523 | K5: 329.84579 | L5: 58.114773 | M5: 0.52546667 | N5: 0.017699291 | O5: 0.050746733 | CU5: feeling sleepy
A6: 5 | B6: German | C6: female | D6: 41 | E6: TE0-10 | F6: 15.12.2025 | H6: 0.59930556 | I6: =H6+TIME(0,2,0) -> 0.60069444 | J6: 32.470788 | K6: 12.5781 | L6: 58.214605 | M6: 0.53646512 | N6: 0.0069528533 | O6: 0.021749548 | AH6: 0.60302083 | AI6: 0.60369213 | AJ6: 6 | AK6: 5 | AL6: 132.53708 | AN6: 28.699488 | AO6: 0.49116279 | AP6: 0.0082589262 | AQ6: 0.032435537 | AR6: 0.60369213 | AS6: 0.60508102 | AT6: 25.041093 | AU6: 13.772883 | AV6: 59.913195 | AW6: 0.49114943 | AX6: 0.0069135257 | AY6: 0.022557558 | AZ6: 0.60486111 | BA6: 0.60694444 | BB6: sound | BC6: music | BD6: relaxing moment in the childhood | BE6: yes | BF6: time to go for a nap | BG6: yes | BH6: my mother | BI6: yes | BJ6: my bed at home | BK6: yes | BL6: ciesta | BM6: no | BN6: none | BO6: yes | BP6: afternoon | BQ6: yes | BR6: time to rest | BS6: yes | BT6: protection, care | BU6: 30 | BV6: relax feelings | BW6: Agree | BX6: Disagree | BY6: Neither | BZ6: Neither | CA6: Strongly agree | CB6: Disagree | CC6: Neither | CD6: Disagree | CE6: Agree | CF6: Disagree | CG6: Agree | CH6: Disagree | CI6: Disagree | CJ6: Disagree | CK6: Strongly agree | CL6: Moderately | CM6: A lot | CN6: A little | CO6: 23.728134 | CP6: 12.842295 | CQ6: 78.346729 | CR6: 0.51223729 | CS6: 0.0064796577 | CT6: 0.020627282 | CU6: no feedback
A7: 6 | B7: India | C7: male | D7: 28 | E7: TE0+HF+6 | F7: 15.12.2025 | H7: 0.66180556 | I7: =H7+TIME(0,2,0) -> 0.66319444 | J7: 131.81588 | K7: 107.24409 | L7: 58.069685 | M7: 0.51175281 | N7: 0.006014039 | O7: 0.010278851 | P7: 0.66336806 | Q7: 0.66416667 | R7: 6 | S7: 5 | T7: 87.405928 | U7: 84.768415 | V7: 34.382196 | W7: 0.48172549 | X7: 0.0040374843 | Y7: 0.0076658841 | Z7: 0.66417824 | AA7: 0.66527778 | AB7: 105.45036 | AC7: 78.361069 | AD7: 46.177314 | AE7: 0.56325714 | AF7: 0.0035043476 | AG7: 0.0069552416 | AH7: 0.66547454 | AI7: 0.66667824 | AJ7: 7 | AK7: 6 | AL7: 57.313497 | AM7: 57.17721 | AN7: 50.589684 | AO7: 0.53323684 | AP7: 0.0031910071 | AQ7: 0.0064650129 | AR7: 0.66668981 | AS7: 0.66806713 | AT7: 98.551024 | AU7: 79.60162 | AV7: 59.186273 | AW7: 0.41825 | AX7: 0.003429354 | AY7: 0.0067514439 | AZ7: 0.66805556 | BA7: 0.66944444 | BB7: No | BC7: None | BD7: It is good | BE7: No | BF7: None | BG7: No | BH7: None | BI7: No | BJ7: None | BK7: No | BL7: None | BM7: No | BN7: None | BO7: No | BP7: None | BQ7: No | BR7: None | BS7: No | BT7: None | BU7: 85 | BV7: No | BW7: Neither | BX7: Neither | BY7: Agree | BZ7: Disagree | CA7: Disagree | CB7: Neither | CC7: Agree | CD7: Agree | CE7: Neither | CF7: Neither | CG7: Neither | CH7: Disagree | CI7: Disagree | CJ7: Agree | CK7: Disagree | CL7: Moderately | CM7: Not at all | CN7: A little | CO7: 58.528207 | CP7: 51.074093 | CQ7: 57.101227 | CR7: 0.47106818 | CS7: 0.0039430122 | CT7: 0.0075163429 | CU7: explain about long/short item
A8: 7 | B8: German | C8: male | D8: 27 | E8: TE0+HF+6 | F8: 16.12.2025 | H8: 0.50069444 | I8: =H8+TIME(0,2,0) -> 0.50208333 | J8: 56.40689 | K8: 34.94744 | L8: 58.487103 | M8: 0.51043678 | N8: 0.010955923 | O8: 0.025807565 | P8: 0.50232639 | Q8: 0.50344907 | R8: 7 | S8: 6 | T8: 44.467109 | U8: 28.029085 | V8: 48.186366 | W8: 0.57414085 | X8: 0.014723453 | Y8: 0.036718319 | Z8: 0.50346065 | AA8: 0.50466435 | AB8: 61.177924 | AC8: 42.216089 | AD8: 52.56357 | AE8: 0.53491139 | AF8: 0.010431481 | AG8: 0.025382712 | AH8: 0.50467593 | AI8: 0.50569444 | AJ8: 7 | AK8: 6 | AL8: 24.041631 | AM8: 34 | AN8: 44.009969 | AO8: 0.49741538 | AP8: 0.013576082 | AQ8: 0.034139395 | AR8: 0.50570602 | AS8: 0.50708333 | AT8: 81.517159 | AU8: 58.310789 | AV8: 58.500207 | AW8: 0.46896552 | AX8: 0.0093581225 | AY8: 0.022864531 | AZ8: 0.50694444 | BA8: 0.50902778 | BB8: nein | BC8: keine | BD8: keine | BE8: nein | BF8: keine | BG8: nein | BH8: keine | BI8: ja | BJ8: irgendein Wasser fall (klingt so wie white noise) | BK8: nein | BL8: keine | BM8: nein | BN8: keine | BO8: nein | BP8: keine | BQ8: nein | BR8: keine | BS8: nein | BT8: keine | BU8: 23 | BV8: Stress, weil es so lautes White noise ist | BW8: Stimme nicht zu | BX8: Stimme nicht zu | BY8: Stimme überhaupt nicht zu | BZ8: Stimme zu | CA8: Stimme überhaupt nicht zu | CB8: Stimme zu | CC8: Stimme nicht zu | CD8: Stimme völlig zu | CE8: Stimme überhaupt nicht zu | CF8: Stimme zu | CH8: Stimme nicht zu | CI8: Stimme zu | CJ8: Stimme zu | CK8: Stimme nicht zu | CL8: Gar nicht | CM8: Gar nicht | CN8: Mäßig | CO8: 51.127655 | CP8: 26.75584 | CQ8: 83.678 | CR8: 0.53645902 | CS8: 0.010033726 | CT8: 0.024474026 | CU8: explain not so clear,training
A9: 8 | B9: German | C9: female | D9: 24 | E9: TE0+SL+10 | F9: 16.12.2025 | H9: 0.61666667 | I9: =H9+TIME(0,2,0) -> 0.61805556 | J9: 56.663567 | K9: 50.320521 | L9: 58.831163 | M9: 0.54132558 | N9: 0.01674104 | O9: 0.027484711 | P9: 0.61822917 | Q9: 0.61944444 | R9: 7 | S9: 6 | T9: 56.27989 | U9: 75.700904 | V9: 51.493162 | W9: 0.49497297 | X9: 0.012587054 | Y9: 0.024547897 | Z9: 0.61945602 | AA9: 0.62083333 | AB9: 61.399847 | AC9: 55.82185 | AD9: 59.504115 | AE9: 0.50094253 | AF9: 0.01401162 | AG9: 0.024498232 | AH9: 0.62099537 | AI9: 0.62200231 | AJ9: 6 | AK9: 6 | AL9: 45.084558 | AM9: 51.28946 | AN9: 43.036406 | AO9: 0.467375 | AP9: 0.011650792 | AQ9: 0.024010691 | AR9: 0.62222222 | AS9: 0.62361111 | AT9: 65.296358 | AU9: 58.055781 | AV9: 60.205934 | AW9: 0.5212967 | AX9: 0.011465451 | AY9: 0.022316546 | AZ9: 0.62361111 | BA9: 0.62708333 | BB9: Geräusch | BC9: Fahrstuhl, Telefon-Warteschleife | BD9: eher abstrakt | BE9: Nein | BF9: keine | BG9: Nein | BH9: keine | BI9: Nein | BJ9: keine | BK9: Ja | BL9: Fahrstuhl fahren, bei einer Hotline anrufen, insgesamt warten | BM9: Ja | BN9: Telefon | BO9: Nein | BP9: keine | BQ9: Nein | BR9: keine | BS9: Ja | BT9: warte-Gefühl (hibbelig) | BU9: 0% | BV9: Verwirrung | BW9: Stimme zu | BX9: Stimme überhaupt nicht zu | BY9: Stimme nicht zu | BZ9: Stimme nicht zu | CA9: Stimme zu | CB9: Weder noch | CC9: Weder noch | CD9: Stimme zu | CE9: Stimme nicht zu | CF9: Stimme nicht zu | CH9: Stimme zu | CI9: Stimme zu | CJ9: Stimme nicht zu | CK9: Weder noch | CL9: Ein wenig | CM9: Stark | CN9: Gar nicht | CO9: 52.488127 | CP9: 60.839997 | CQ9: 148.62253 | CR9: 0.50140465 | CS9: 0.010649351 | CT9: 0.019205119 | CU9: explain is too long,masking is very good
A10: 9 | B10: Brazilien | C10: male | D10: 32 | E10: TE0 | F10: 17.12.2025 | H10: 0.42083333 | I10: =H10+TIME(0,2,0) -> 0.42222222 | J10: 142.58408 | K10: 192.33164 | L10: 58.708769 | M10: 0.45096703 | N10: 0.0098174645 | O10: 0.018304944 | P10: 0.42241898 | Q10: 0.42362269 | R10: 8 | S10: 8 | T10: 120.08077 | U10: 144.29036 | V10: 50.291797 | W10: 0.50377215 | X10: 0.0095369469 | Y10: 0.018125969 | Z10: 0.42363426 | AA10: 0.42501157 | AB10: 116.57606 | AC10: 142.40053 | AD10: 57.376629 | AE10: 0.4854382 | AF10: 0.0092314376 | AG10: 0.017364737 | AH10: 0.42517361 | AI10: 0.42635417 | AJ10: 8 | AK10: 8 | AL10: 84.544732 | AM10: 126.72199 | AN10: 51.362105 | AO10: 0.56594737 | AP10: 0.0093786004 | AQ10: 0.017854035 | AR10: 0.42638889 | AS10: 0.42777778 | AT10: 124.3047 | AU10: 167.17065 | AV10: 59.44191 | AW10: 0.52901124 | AX10: 0.0093320333 | AY10: 0.01766055 | AZ10: 0.42777778 | BA10: 0.42986111 | BB10: Nein | BC10: keine | BD10: Nein | BE10: Nein | BF10: keine | BG10: Nein | BH10: keine | BI10: Nein | BJ10: Estrada / Landstraße | BK10: Ja | BL10: Autofahren | BM10: Nein | BN10: keine | BO10: Nein | BP10: keine | BQ10: Nein | BR10: keine | BS10: Ja | BT10: Atenção / Aufmerksamkeit | BU10: 95 | BV10: Nein | BW10: Weder noch | BX10: Weder noch | BY10: Stimme zu | BZ10: Stimme nicht zu | CA10: Stimme nicht zu | CB10: Stimme nicht zu | CC10: Stimme zu | CD10: Weder noch | CE10: Weder noch | CF10: Stimme nicht zu | CH10: Stimme nicht zu | CI10: Stimme zu | CJ10: Weder noch | CK10: Stimme überhaupt nicht zu | CL10: Vollständig dominierend | CM10: Gar nicht | CN10: Gar nicht | CO10: 149.79982 | CP10: 202.40167 | CQ10: 88.46253 | CR10: 0.46486364 | CS10: 0.0096582164 | CT10: 0.017655445 | CU10: train& distribute of number test
A11: 10 | B11: German | C11: male | D11: 31 | E11: TE0-10 | F11: 17.12.2025 | H11: 0.47222222 | I11: =H11+TIME(0,2,0) -> 0.47361111 | J11: 57.279331 | K11: 45.070089 | L11: 57.228813 | M11: 0.52492308 | N11: 0.0064598931 | O11: 0.016433186 | P11: 0.47375 | Q11: 0.47493056 | R11: 7 | S11: 7 | T11: 45.931329 | U11: 26.234049 | V11: 50.117769 | W11: 0.486 | X11: 0.0071916646 | Y11: 0.01797092 | Z11: 0.475 | AA11: 0.47638889 | AB11: 67.810045 | AC11: 51.611045 | AD11: 59.262966 | AE11: 0.48793258 | AF11: 0.007020763 | AG11: 0.017248254 | AH11: 0.47653935 | AI11: 0.47755787 | AJ11: 6 | AK11: 6 | AL11: 219.91771 | AM11: 274.52099 | AN11: 43.807818 | AO11: 0.50793939 | AP11: 0.008528842 | AQ11: 0.023039328 | AR11: 0.47777778 | AS11: 0.47916667 | AT11: 58.881231 | AU11: 74.63662 | AV11: 60.179422 | AW11: 0.46066667 | AX11: 0.0074956308 | AY11: 0.019097461 | AZ11: 0.47916667 | BA11: 0.48333333 | BB11: Klanglandschaft | BC11: - | BD11: Ich gehe mit meiner Familie über den Strand | BE11: Nein | BF11: keine | BG11: Ja | BH11: Familie | BI11: Ja | BJ11: Timmendorfer Strand | BK11: Ja | BL11: Spazieren gehen, Steine und Muscheln suchen | BM11: Ja | BN11: Strandgut | BO11: Ja | BP11: Spätsommer | BQ11: Nein | BR11: keine | BS11: Ja | BT11: Entspannung, Freude | BU11: 70% | BV11: Ja, Enstpannung | BW11: Stimme völlig zu | BX11: Stimme überhaupt nicht zu | BY11: Stimme nicht zu | BZ11: Stimme zu | CA11: Stimme völlig zu | CB11: Stimme überhaupt nicht zu | CC11: Stimme nicht zu | CD11: Stimme zu | CE11: Stimme völlig zu | CF11: Stimme überhaupt nicht zu | CH11: Stimme völlig zu | CI11: Stimme überhaupt nicht zu | CJ11: Stimme überhaupt nicht zu | CK11: Stimme völlig zu | CL11: Mäßig | CM11: Ein wenig | CN11: Ein wenig | CO11: 46.799542 | CP11: 33.070521 | CQ11: 86.747171 | CR11: 0.53414414 | CS11: 0.023282579 | CT11: 0.043009345 | CU11: file name shoud not sehbar, no memory test is also ok
A12: 11 | B12: Ucraine | C12: male | D12: 29 | E12: TE0 | F12: 17.12.2025 | H12: 0.5875 | I12: =H12+TIME(0,2,0) -> 0.58888889 | J12: 375.79922 | K12: 483.63209 | L12: 59.626378 | M12: 0.47888889 | N12: 0.010679015 | O12: 0.028868228 | P12: 0.58913194 | Q12: 0.59003472 | R12: 6 | S12: 5 | T12: 197.60911 | U12: 241.44435 | V12: 38.724847 | W12: 0.45335593 | X12: 0.012262196 | Y12: 0.038380942 | Z12: 0.5900463 | AA12: 0.59109954 | AB12: 153.51636 | AC12: 166.2213 | AD12: 45.053143 | AE12: 0.45765714 | AF12: 0.012081023 | AG12: 0.033869452 | AH12: 0.59111111 | AI12: 0.59206019 | AJ12: 5 | AK12: 5 | AL12: 83.097591 | AM12: 112.74231 | AN12: 40.896161 | AO12: 0.44922581 | AP12: 0.011832165 | AQ12: 0.035615824 | AR12: 0.59236111 | AS12: 0.59375 | AT12: 69.380639 | AU12: 68.568074 | AV12: 59.38 | AW12: 0.50531111 | AX12: 0.011190892 | AY12: 0.030164397 | AZ12: 0.59375 | BA12: 0.59652778 | BB12: Soundscape | BC12: None | BD12: Just a walk near busy road | BE12: No | BF12: None | BG12: No | BH12: None | BI12: Yes | BJ12: Some randome road | BK12: Yes | BL12: Walking | BM12: No | BN12: None | BO12: Yes | BP12: Autumn evening | BQ12: No | BR12: None | BS12: Yes | BT12: Calm and pleasure | BU12: 80% | BV12: Calm and pleasance | BW12: Strongly agree | BX12: Disagree | BY12: Agree | BZ12: Neither | CA12: Strongly agree | CB12: Strongly disagree | CC12: Agree | CD12: Disagree | CE12: Agree | CF12: Disagree | CG12: Strongly agree | CH12: Strongly agree | CI12: Disagree | CJ12: Disagree | CK12: Strongly agree | CL12: A lot | CM12: Moderately | CN12: Not at all | CO12: 60.882253 | CP12: 59.603901 | CQ12: 118.95748 | CR12: 0.58045882 | CS12: 0.011436812 | CT12: 0.025657464 | CU12: with music session is hard to focus
A13: 12 | B13: China | C13: male | D13: 21 | E13: TE0+Sim+10 | F13: 17.12.2025 | H13: 0.63680556 | I13: =H13+TIME(0,2,0) -> 0.63819444 | J13: 66.39 | K13: 84.853237 | L13: 58.746634 | M13: 0.53541463 | N13: 0.015783969 | O13: 0.049394278 | P13: 0.64533565 | Q13: 0.64643519 | R13: 7 | S13: 7 | T13: 132.41904 | U13: 186.94245 | V13: 48.062382 | W13: 0.53879412 | X13: 0.016881257 | Y13: 0.056429458 | Z13: 0.64652778 | AA13: 0.64861111 | AB13: 108.97036 | AC13: 142.77369 | AD13: 89.488879 | AE13: 0.51213636 | AF13: 0.01459462 | AG13: 0.0392559 | AH13: 0.64877315 | AI13: 0.64959491 | AJ13: 6 | AK13: 5 | AL13: 371.90859 | AM13: 489.60801 | AN13: 34.626302 | AO13: 0.49513208 | AP13: 0.019733849 | AQ13: 0.06836099 | AR13: 0.64960648 | AS13: 0.65069444 | AT13: 42.595319 | AU13: 21.030162 | AV13: 46.121391 | AW13: 0.51026087 | AX13: 0.015723466 | AY13: 0.051397289 | AZ13: 0.65069444 | BA13: 0.65277778 | BB13: no | BC13: none | BD13: no | BE13: no | BF13: none | BG13: no | BH13: none | BI13: yes | BJ13: in dream | BK13: yes | BL13: dancing | BM13: yes | BN13: in the dark sea | BO13: no | BP13: none | BQ13: no | BR13: none | BS13: yes | BT13: feel down | BU13: 40 | BV13: feeling down | BW13: Disagree | BX13: Disagree | BY13: Neither | BZ13: Neither | CA13: Agree | CB13: Disagree | CC13: Neither | CD13: Disagree | CE13: Neither | CF13: Disagree | CG13: Agree | CH13: Agree | CI13: Disagree | CJ13: Agree | CK13: Neither | CL13: Moderately | CM13: Not at all | CN13: A little | CO13: 52.942987 | CP13: 61.631135 | CQ13: 89.43645 | CR13: 0.49627907 | CS13: 0.014267553 | CT13: 0.037940108 | CU13: feel tired in last session
A14: 13 | B14: China | C14: female | D14: 24 | E14: TE0+SL+10 | F14: 18.12.2025 | H14: 0.49097222 | I14: =H14+TIME(0,2,0) -> 0.49236111 | J14: 98.339698 | K14: 121.67945 | L14: 59.744378 | M14: 0.50308889 | N14: 0.010758768 | O14: 0.02335764 | P14: 0.49260417 | Q14: 0.49390046 | R14: 8 | S14: 8 | T14: 67.994237 | U14: 80.432048 | V14: 56.034889 | W14: 0.47577778 | X14: 0.014302089 | Y14: 0.027846952 | Z14: 0.49391204 | AA14: 0.49513889 | AB14: 65.98244 | AC14: 57.734764 | AD14: 52.3 | AE14: 0.499375 | AF14: 0.010913299 | AG14: 0.024437279 | AH14: 0.49621528 | AI14: 0.4971412 | AJ14: 6 | AK14: 6 | AL14: 370.92677 | AM14: 669.92736 | AN14: 39.448623 | AO14: 0.42898361 | AP14: 0.011382598 | AQ14: 0.026595224 | AR14: 0.49722222 | AS14: 0.49861111 | AT14: 115.41666 | AU14: 147.40742 | AV14: 59.773143 | AW14: 0.51736264 | AX14: 0.010468928 | AY14: 0.022971726 | AZ14: 0.49861111 | BA14: 0.50138889 | BB14: yes | BC14: bgm of the game overcooked | BD14: full of joy with my boyfriend playing games together | BE14: yes | BF14: playing overcooked especally series2 | BG14: yes | BH14: my boyfriend | BI14: yes | BJ14: my home | BK14: yes | BL14: playing overcooked 2 | BM14: yes | BN14: TV and playing handles | BO14: yes | BP14: evening time after supper | BQ14: yes | BR14: hoping this can last longer | BS14: yes | BT14: excited and relaxed | BU14: 0 | BV14: joy and relax | BW14: Strongly agree | BX14: Strongly disagree | BY14: Neither | BZ14: Neither | CA14: Disagree | CB14: Strongly disagree | CC14: Neither | CD14: Disagree | CE14: Disagree | CF14: Disagree | CG14: Agree | CH14: Agree | CI14: Disagree | CJ14: Neither | CK14: Strongly agree | CL14: A lot | CM14: A lot | CN14: Not at all | CO14: 56.15852 | CP14: 55.704156 | CQ14: 118.40949 | CR14: 0.51212865 | CS14: 0.018138981 | CT14: 0.028485098 | CU14: session 4 is too difficult to concentrate
A15: 14 | B15: France | C15: male | D15: 31 | E15: TE0 | F15: 18.12.2025 | H15: 0.61944444 | I15: =H15+TIME(0,2,0) -> 0.62083333 | J15: 59.572598 | K15: 50.229958 | L15: 59.586833 | M15: 0.48197619 | N15: 0.0018142592 | O15: 0.0038175152 | P15: 0.62194444 | Q15: 0.6230787 | R15: 7 | S15: 7 | T15: 52.809547 | U15: 55.973913 | V15: 50.190378 | W15: 0.46408108 | X15: 0.001728758 | Y15: 0.0035042546 | Z15: 0.62309028 | AA15: 0.62430556 | AB15: 72.490523 | AC15: 65.000735 | AD15: 53.270513 | AE15: 0.48964103 | AF15: 0.0018428451 | AG15: 0.0037665818 | AH15: 0.62439815 | AI15: 0.62569444 | AJ15: 7 | AK15: 7 | AL15: 54.331516 | AM15: 40.14972 | AN15: 56.561415 | AO15: 0.51980488 | AP15: 0.0015923826 | AQ15: 0.0033300209 | AR15: 0.62570602 | AS15: 0.62708333 | AT15: 78.417185 | AU15: 89.177666 | AV15: 57.791209 | AW15: 0.54962637 | AX15: 0.0016489093 | AY15: 0.0034115113 | AZ15: 0.62708333 | BA15: 0.62847222 | BB15: none | BC15: - | BD15: none | BE15: no | BF15: none | BG15: none | BH15: none | BI15: no | BJ15: none | BK15: no | BL15: none | BM15: no | BN15: none | BO15: no | BP15: none | BQ15: no | BR15: none | BS15: no | BT15: none | BU15: 100 | BV15: none | BW15: Neither | BX15: Neither | BY15: Agree | BZ15: Disagree | CA15: Disagree | CB15: Neither | CC15: Agree | CD15: Disagree | CE15: Disagree | CF15: Disagree | CG15: Neither | CH15: Neither | CI15: Agree | CJ15: Neither | CK15: Neither | CL15: A lot | CM15: Not at all | CN15: Not at all | CO15: 34.109405 | CP15: 27.362671 | CQ15: 57.940719 | CR15: 0.42555056 | CS15: 0.0016956362 | CT15: 0.0034712741 | CU15: yes or no questions button, should use mouse klick
A16: 15 | B16: China | C16: male | D16: 27 | E16: TE0 | F16: 18.12.2025 | H16: 0.69097222 | I16: =H16+TIME(0,2,0) -> 0.69236111 | J16: 121.21467 | K16: 73.166631 | L16: 59.708198 | M16: 0.51340741 | N16: 0.014580139 | O16: 0.040162112 | P16: 0.69248843 | Q16: 0.69355324 | R16: 7 | S16: 7 | T16: 91.465125 | U16: 83.823313 | V16: 44.600817 | W16: 0.47076056 | X16: 0.012591105 | Y16: 0.0398527 | Z16: 0.69375 | AA16: 0.69513889 | AB16: 121.80372 | AC16: 91.943083 | AD16: 60.466489 | AE16: 0.46633333 | AF16: 0.011488054 | AG16: 0.033051489 | AH16: 0.6953588 | AI16: 0.69640046 | AJ16: 6 | AK16: 6 | AL16: 115.29196 | AM16: 128.97287 | AN16: 59.883711 | AO16: 0.51551111 | AP16: 0.011899492 | AQ16: 0.033684489 | AR16: 0.69652778 | AS16: 0.69791667 | AT16: 107.13345 | AU16: 102.83562 | AV16: 58.838918 | AW16: 0.54543529 | AX16: 0.012382216 | AY16: 0.035622122 | AZ16: 0.69791667 | BA16: 0.70069444 | BB16: no | BC16: none | BD16: cars and bike go through | BE16: no | BF16: none | BG16: no | BH16: none | BI16: yes | BJ16: dresden | BK16: no | BL16: none | BM16: yes | BN16: cars | BO16: yes | BP16: noon | BQ16: no | BR16: none | BS16: no | BT16: none | BU16: 90% | BV16: daily life boring | BW16: Neither | BX16: Neither | BY16: Neither | BZ16: Disagree | CA16: Agree | CB16: Disagree | CC16: Agree | CD16: Neither | CE16: Neither | CF16: Disagree | CG16: Neither | CH16: Agree | CI16: Agree | CJ16: Disagree | CK16: Disagree | CL16: Dominates completely | CM16: Not at all | CN16: A little | CO16: 87.081537 | CP16: 95.141813 | CQ16: 119.8111 | CR16: 0.50761628 | CS16: 0.010013626 | CT16: 0.024193825 | CU16: session 4 is more simillar to real enviroment
A17: 16 | B17: German | C17: female | D17: 63 | E17: TE0+HF+6 | F17: 19.12.2025 | H17: 0.3875 | I17: =H17+TIME(0,2,0) -> 0.38888889 | J17: 34.692649 | K17: 20.327847 | L17: 60.038562 | M17: 0.46346067 | N17: 0.0078780831 | O17: 0.021196763 | P17: 0.38900463 | Q17: 0.39019676 | R17: 7 | S17: 6 | T17: 45.104945 | U17: 19.014566 | V17: 51.281225 | W17: 0.5071 | X17: 0.0093574536 | Y17: 0.023710246 | Z17: 0.39027778 | AA17: 0.39097222 | AB17: 586.89863 | AC17: 830 | AD17: 29.376045 | AE17: 0.43386364 | AF17: 0.013138448 | AG17: 0.03976094 | AH17: 0.39115741 | AI17: 0.39217593 | AJ17: 6 | AK17: 5 | AL17: 69.572898 | AM17: 58.363002 | AN17: 44.353727 | AO17: 0.49536364 | AP17: 0.010559231 | AQ17: 0.031081476 | AR17: 0.3921875 | AS17: 0.39305556 | AT17: 0 | AV17: 37.121509 | AW17: 0.48403774 | AX17: 0.011120588 | AY17: 0.03469477 | AZ17: 0.39305556 | BA17: 0.39791667 | BB17: Geräusch, Landschaft | BC17: starker Verkehrslärm | BD17: ich stehe genervt an stark befahender Straße | BE17: ja | BF17: ich möchte auf die andere ruhigere Seite ans Elbufer, um dort spazieren zu gehen | BG17: ja | BH17: mein Mann | BI17: ja | BJ17: Straße am Elbufer | BK17: ja | BL17: ich möchte queren | BM17: ja | BN17: viele Autos ein Radfahrer | BO17: ja | BP17: Sommerabend | BQ17: ja | BR17: unangenehm, nervig, aufgeregt | BS17: ja | BT17: genervt, aufgeregt | BU17: 90% | BV17: ja, nervig, aufgeregt | BW17: Stimme überhaupt nicht zu | BX17: Stimme völlig zu | BY17: Stimme völlig zu | BZ17: Stimme überhaupt nicht zu | CA17: Stimme überhaupt nicht zu | CB17: Stimme völlig zu | CC17: Stimme zu | CD17: Stimme nicht zu | CE17: Stimme überhaupt nicht zu | CF17: Stimme völlig zu | CH17: Stimme überhaupt nicht zu | CI17: Stimme völlig zu | CJ17: Stimme völlig zu | CK17: Stimme überhaupt nicht zu | CL17: Vollständig dominierend | CM17: Gar nicht | CN17: Gar nicht | CO17: 31.448222 | CP17: 18.987953 | CQ17: 212.17055 | CR17: 0.54576623 | CS17: 0.0076340665 | CT17: 0.016194467 | CU17: 1h is too long, but music is most pleasant.
A18: 17 | B18: India | C18: male | D18: 40 | E18: TE0-10 | F18: 19.12.2025 | H18: 0.47569444 | I18: =H18+TIME(0,2,0) -> 0.47708333 | J18: 432.26182 | K18: 595.50865 | L18: 58.992889 | M18: 0.50555556 | N18: 0.008617219 | O18: 0.020957657 | P18: 0.4774537 | Q18: 0.47859954 | R18: 7 | S18: 7 | T18: 411.63735 | U18: 498.82067 | V18: 49.112556 | W18: 0.46752778 | X18: 0.0086273171 | Y18: 0.021734658 | Z18: 0.47861111 | AA18: 0.47986111 | AB18: 369.80567 | AC18: 479.24292 | AD18: 54.138628 | AE18: 0.4964186 | AF18: 0.0080380278 | AG18: 0.019590285 | AH18: 0.47997685 | AI18: 0.48105324 | AJ18: 6 | AK18: 6 | AL18: 389.0803 | AM18: 570.99069 | AN18: 46.530732 | AO18: 0.51833803 | AP18: 0.010183339 | AQ18: 0.024065162 | AR18: 0.48125 | AS18: 0.48263889 | AT18: 455.22254 | AU18: 747.02262 | AV18: 58.167172 | AW18: 0.47875862 | AX18: 0.0092132116 | AY18: 0.02138824 | AZ18: 0.48263889 | BA18: 0.48541667 | BB18: Sound | BC18: Sound of the wind | BD18: My experience, parking the my car at the similar place and relaxing | BE18: yes | BF18: It reminds my days spent in my hometown | BG18: yes | BH18: my friends | BI18: yes | BJ18: similar place near my hometown | BK18: yes | BL18: long drive with my car | BM18: yes | BN18: my car | BO18: Yes | BP18: Sunny day. mid day | BQ18: no | BR18: none | BS18: yes | BT18: Missing my hometown and freinds | BU18: 100 | BV18: none | BW18: Agree | BX18: Disagree | BY18: Neither | BZ18: Disagree | CA18: Agree | CB18: Disagree | CC18: Agree | CD18: Disagree | CE18: Agree | CF18: Disagree | CG18: Agree | CH18: Agree | CI18: Disagree | CJ18: Disagree | CK18: Agree | CL18: A little | CM18: A little | CN18: A little | CO18: 380.71735 | CP18: 514.9177 | CQ18: 117.57676 | CR18: 0.51764368 | CS18: 0.0080435954 | CT18: 0.016861231 | CU18: session 4 is very good
A19: 18 | B19: China | C19: male | D19: 25 | E19: TE0+SL+10 | F19: 19.12.2025 | H19: 0.60972222 | I19: =H19+TIME(0,2,0) -> 0.61111111 | J19: 378.87974 | K19: 527.5541 | L19: 58.675888 | M19: 0.5165618 | N19: 0.011148078 | O19: 0.024574675 | P19: 0.61126157 | Q19: 0.61238426 | R19: 7 | S19: 7 | T19: 314.04425 | U19: 429.21886 | V19: 49.139042 | W19: 0.55467606 | X19: 0.011593608 | Y19: 0.027041708 | Z19: 0.6125 | AA19: 0.61388889 | AB19: 371.72563 | AC19: 493.68483 | AD19: 59.464308 | AE19: 0.4912967 | AF19: 0.0093645852 | AG19: 0.021851137 | AH19: 0.61403935 | AI19: 0.61534722 | AJ19: 7 | AK19: 7 | AL19: 0 | AN19: 55.07814 | AO19: 0.47339535 | AP19: 0.010490257 | AQ19: 0.023548094 | AR19: 0.6153588 | AS19: 0.61673611 | AT19: 0 | AV19: 56.399506 | AW19: 0.50762353 | AX19: 0.011953085 | AY19: 0.026198843 | AZ19: 0.61666667 | BA19: 0.60625 | BB19: Soundscape | BC19: - | BD19: Basically playing some video games with my girlfriend | BE19: yes | BF19: like companion time for us because in we are in long distance | BG19: yes | BH19: my girlfriend | BI19: no | BJ19: no | BK19: yes | BL19: playing video games | BM19: yes | BN19: a tablet | BO19: yes | BP19: usually in the late afternoon | BQ19: no | BR19: not really | BS19: yes | BT19: joy for playing games and also missing | BU19: 20 | BV19: slightness of joy and also misiing | BW19: Agree | BX19: Neither | BY19: Agree | BZ19: Neither | CA19: Neither | CB19: Neither | CC19: Neither | CD19: Neither | CE19: Neither | CF19: Neither | CG19: Neither | CH19: Agree | CI19: Neither | CJ19: Disagree | CK19: Agree | CL19: A little | CM19: Dominates completely | CN19: A little | CO19: 0 | CQ19: 149.25751 | CR19: 0.50553488 | CS19: 0.009983023 | CT19: 0.019550362 | CU19: interface for DSp is too small,too many questions
A20: 19 | B20: Singapore | C20: male | D20: 19 | E20: TE0 | F20: 19.12.2025 | H20: 0.67291667 | I20: =H20+TIME(0,2,0) -> 0.67430556 | J20: 92.19777 | K20: 112.43996 | L20: 58.813639 | M20: 0.51395181 | N20: 0.013700534 | O20: 0.034087524 | P20: 0.67480324 | Q20: 0.67587963 | R20: 7 | S20: 7 | T20: 125.80144 | U20: 174.65713 | V20: 45.154424 | W20: 0.53363636 | X20: 0.016439327 | Y20: 0.041635366 | Z20: 0.6758912 | AA20: 0.67708333 | AB20: 146.38632 | AC20: 157.45242 | AD20: 51.646896 | AE20: 0.53922388 | AF20: 0.041103331 | AG20: 0.082014539 | AH20: 0.67722222 | AI20: 0.678125 | AJ20: 6 | AK20: 6 | AL20: 0 | AN20: 38.978632 | AO20: 0.51407018 | AP20: 0.015569287 | AQ20: 0.043364361 | AR20: 0.67847222 | AS20: 0.67986111 | AT20: 355.91358 | AU20: 433.27128 | AV20: 58.658541 | AW20: 0.49731765 | AX20: 0.017888898 | AY20: 0.040565791 | AZ20: 0.67986111 | BA20: 0.68055556 | BB20: no | BC20: no | BD20: getting very used to how its work so its easy to memorise now | BE20: yes | BF20: its very fun | BG20: no | BH20: no | BI20: no | BJ20: no | BK20: no | BL20: no | BM20: no | BN20: no | BO20: no | BP20: no | BQ20: no | BR20: no | BS20: no | BT20: no | BU20: 90 | BV20: no | BW20: Neither | BX20: Neither | BY20: Neither | BZ20: Neither | CA20: Disagree | CB20: Neither | CC20: Neither | CD20: Agree | CE20: Disagree | CF20: Neither | CG20: Neither | CH20: Neither | CI20: Agree | CJ20: Neither | CK20: Neither | CL20: Moderately | CM20: Not at all | CN20: Not at all | CO20: 0 | CQ20: 28.949209 | CR20: 0.53488372 | CS20: 0.021078425 | CT20: 0.054688307 | CU20: S1,S3,S4 are too similar,fondsize should bigger
A21: 20 | B21: China | C21: male | D21: 23 | E21: TE0+SL+10 | F21: 06.01.2026 | H21: 0.58263889 | I21: =H21+TIME(0,2,0) -> 0.58402778 | J21: 93.969892 | K21: 103.87011 | L21: 58.571924 | M21: 0.50734177 | N21: 0.016575338 | O21: 0.051030469 | P21: 0.58424769 | Q21: 0.58537037 | R21: 7 | S21: 7 | T21: 34.473707 | U21: 25.440613 | V21: 49.408261 | W21: 0.46646377 | X21: 0.021755915 | Y21: 0.06018634 | Z21: 0.58541667 | AA21: 0.58680556 | AB21: 99.563204 | AC21: 127.01163 | AD21: 57.524651 | AE21: 0.56185542 | AF21: 0.024008629 | AG21: 0.054789888 | AH21: 0.58710648 | AI21: 0.58833333 | AJ21: 7 | AK21: 7 | AL21: 50.494049 | AM21: 54.816291 | AN21: 54.152395 | AO21: 0.53568421 | AP21: 0.027061244 | AQ21: 0.074946824 | AR21: 0.58834491 | AS21: 0.58972222 | AT21: 48.988956 | AU21: 46.771138 | AV21: 52.741121 | AW21: 0.63533333 | AX21: 0.032503717 | AY21: 0.084417676 | AZ21: 0.58958333 | BA21: 0.59097222 | BB21: No | BC21: NO | BD21: No | BE21: No | BF21: No | BG21: No | BH21: No | BI21: No | BJ21: No | BK21: No | BL21: No | BM21: No | BN21: No | BO21: No | BP21: No | BQ21: No | BR21: NO | BS21: No | BT21: No | BU21: 0% | BV21: confusing | BW21: Disagree | BX21: Agree | BY21: Neither | BZ21: Agree | CA21: Disagree | CB21: Agree | CC21: Disagree | CD21: Agree | CE21: Strongly disagree | CF21: Agree | CG21: Disagree | CH21: Disagree | CI21: Agree | CJ21: Agree | CK21: Disagree | CL21: A lot | CM21: A little | CN21: A little | CO21: 25.117534 | CP21: 28.140452 | CQ21: 57.651707 | CR21: 0.56160976 | CS21: 0.02522077 | CT21: 0.070103264 | CU21: S2 most uncomfortable,and then is S2
A22: 21 | B22: China | C22: male | D22: 23 | E22: TE0+HF+6 | F22: 07.01.2026 | H22: 0.46180556 | I22: =H22+TIME(0,2,0) -> 0.46319444 | J22: 44.175258 | K22: 45.685999 | L22: 59.45807 | M22: 0.52990698 | N22: 0.012540295 | O22: 0.028682281 | P22: 0.46392361 | Q22: 0.46511574 | R22: 8 | S22: 8 | T22: 59.156294 | U22: 49.99609 | V22: 51.05744 | W22: 0.49658667 | X22: 0.014303655 | Y22: 0.03424797 | Z22: 0.46527778 | AA22: 0.46666667 | AB22: 45.193503 | AC22: 25.250942 | AD22: 59.852782 | AE22: 0.52882759 | AF22: 0.013444418 | AG22: 0.030913566 | AH22: 0.46689815 | AI22: 0.46802083 | AJ22: 7 | AK22: 7 | AL22: 60.248754 | AM22: 50.874556 | AN22: 48.417562 | AO22: 0.47342466 | AP22: 0.014321173 | AQ22: 0.033619819 | AR22: 0.46805556 | AS22: 0.46944444 | AT22: 58.196444 | AU22: 27.403605 | AV22: 61.130157 | AW22: 0.52382022 | AX22: 0.013095055 | AY22: 0.029820523 | AZ22: 0.46944444 | BA22: 0.47291667 | BB22: geräusch | BC22: strom geräusch | BD22: kein | BE22: nein | BF22: keine | BG22: nein | BH22: keine | BI22: nein | BJ22: keine | BK22: nein | BL22: keine | BM22: ja | BN22: radio | BO22: nein | BP22: keine | BQ22: nein | BR22: keine | BS22: ja | BT22: nervous | BU22: 25 | BV22: nervous | BW22: Stimme nicht zu | BX22: Stimme zu | BY22: Stimme nicht zu | BZ22: Stimme nicht zu | CA22: Stimme nicht zu | CB22: Stimme völlig zu | CC22: Stimme zu | CD22: Stimme zu | CE22: Stimme nicht zu | CF22: Stimme zu | CH22: Stimme nicht zu | CI22: Stimme völlig zu | CJ22: Weder noch | CK22: Stimme überhaupt nicht zu | CL22: Vollständig dominierend | CM22: Gar nicht | CN22: Gar nicht | CO22: 53.75805 | CP22: 45.399436 | CQ22: 149.2914 | CR22: 0.49648402 | CS22: 0.013058012 | CT22: 0.024596345 | CU22: DST time is too short,S3 most comfortable
A23: 22 | B23: China | C23: female | D23: 25 | E23: TE0-10 | F23: 07.01.2027 | H23: 0.68402778 | I23: =H23+TIME(0,2,0) -> 0.68541667 | J23: 79.118708 | K23: 98.795174 | L23: 60.020296 | M23: 0.5657284 | N23: 0.020093022 | O23: 0.03341862 | P23: 0.68572917 | Q23: 0.68696759 | R23: 8 | S23: 8 | T23: 64.374617 | U23: 62.387609 | V23: 52.305026 | W23: 0.52202564 | X23: 0.013561154 | Y23: 0.025411151 | Z23: 0.68697917 | AA23: 0.68819444 | AB23: 59.249797 | AC23: 41.098551 | AD23: 58.760047 | AE23: 0.48776744 | AF23: 0.011860828 | AG23: 0.022220574 | AH23: 0.68836806 | AI23: 0.68958333 | AJ23: 7 | AK23: 6 | AL23: 52.344417 | AM23: 42.684892 | AN23: 52.275429 | AO23: 0.52548052 | AP23: 0.014219424 | AQ23: 0.025375954 | AR23: 0.68959491 | AS23: 0.69097222 | AT23: 0 | AV23: 59.448835 | AW23: 0.49837363 | AX23: 0.015480156 | AY23: 0.026426195 | AZ23: 0.69097222 | BA23: 0.69513889 | BB23: Geräusch | BC23: In der Nacht wenn man im Bett liegt. hört man solche Geräusch von Autos draußen, auch wenn die Fenster zu sind. | BD23: Man sieht das Licht von Auto, es dreht im dunklen Zimmer, das Zimmer wird auf einmal hell und wieder dunkel. | BE23: Nein | BF23: keine | BG23: Nein | BH23: keine | BI23: Ja | BJ23: Wenn man in einem geschlossenen Raum bleibt, z.B. in einem Auto oder in einem ruhigen Zimmer | BK23: Nein | BL23: keine | BM23: Ja | BN23: ShaLou | BO23: Nein | BP23: keine | BQ23: Nein | BR23: keine | BS23: Nein | BT23: keine | BU23: 50% | BV23: Nein | BW23: Stimme zu | BX23: Stimme nicht zu | BY23: Stimme nicht zu | BZ23: Stimme nicht zu | CA23: Stimme zu | CB23: Stimme nicht zu | CC23: Stimme zu | CD23: Weder noch | CE23: Weder noch | CF23: Stimme nicht zu | CH23: Stimme zu | CI23: Stimme nicht zu | CJ23: Stimme nicht zu | CK23: Stimme zu | CL23: Mäßig | CM23: Gar nicht | CN23: Ein wenig | CO23: 383.19577 | CP23: 419.73563 | CQ23: 182.15229 | CR23: 0.52211858 | CS23: 0.013941076 | CT23: 0.023020762 | CU23: loop has influence to memory
A24: 23 | B24: China | C24: male | D24: 25 | E24: TE0+HF+6 | F24: 08.01.2026 | H24: 0.61944444 | I24: =H24+TIME(0,2,0) -> 0.62083333 | J24: 58.510221 | K24: 51.262677 | L24: 60.837765 | M24: 0.49807059 | N24: 0.016587257 | O24: 0.045834804 | P24: 0.62099537 | Q24: 0.62226852 | R24: 8 | S24: 7 | T24: 50.182216 | U24: 28.731516 | V24: 54.311195 | W24: 0.48244156 | X24: 0.016422767 | Y24: 0.045706563 | Z24: 0.62228009 | AA24: 0.62361111 | AB24: 41.926624 | AC24: 25.573974 | AD24: 59.294911 | AE24: 0.49511111 | AF24: 0.016304854 | AG24: 0.043876392 | AH24: 0.62372685 | AI24: 0.62497685 | AJ24: 7 | AK24: 7 | AL24: 36.638998 | AM24: 22.417397 | AN24: 53.215975 | AO24: 0.49389873 | AP24: 0.016577221 | AQ24: 0.045574061 | AR24: 0.625 | AS24: 0.62638889 | AT24: 84.114442 | AU24: 113.76403 | AV24: 60.200476 | AW24: 0.54902381 | AX24: 0.018628148 | AY24: 0.050252956 | AZ24: 0.62638889 | BA24: 0.62777778 | BB24: no | BC24: no | BD24: no | BE24: no | BF24: no | BG24: no | BH24: no | BI24: yes | BJ24: main road | BK24: no | BL24: no | BM24: no | BN24: no | BO24: yes | BP24: moring rush hour | BQ24: no | BR24: no | BS24: no | BT24: no | BU24: 80 | BV24: no | BW24: Strongly disagree | BX24: Disagree | BY24: Strongly disagree | BZ24: Strongly disagree | CA24: Strongly disagree | CB24: Agree | CC24: Strongly disagree | CD24: Agree | CE24: Strongly disagree | CF24: Agree | CG24: Strongly disagree | CH24: Strongly disagree | CI24: Agree | CJ24: Neither | CK24: Strongly disagree | CL24: Dominates completely | CM24: Not at all | CN24: Not at all | CO24: 45.723968 | CP24: 29.276295 | CQ24: 56.616047 | CR24: 0.57809412 | CS24: 0.019902987 | CT24: 0.050889546 | CU24: keine
A25: 24 | B25: China | C25: male | D25: 27 | E25: TE0+HF+6 | F25: 08.01.2027 | H25: 0.76805556 | I25: =H25+TIME(0,2,0) -> 0.76944444 | J25: 233.5586 | K25: 342.77572 | L25: 59.506782 | M25: 0.47804598 | N25: 0.012941337 | O25: 0.024515748 | P25: 0.77321759 | Q25: 0.77375 | R25: 4 | S25: 3 | T25: 417.00818 | U25: 616.44645 | V25: 22.900629 | W25: 0.45274286 | X25: 0.013819861 | Y25: 0.030763864 | Z25: 0.77376157 | AA25: 0.77513889 | AB25: 288.78675 | AC25: 328.75089 | AD25: 52.176923 | AE25: 0.49738462 | AF25: 0.013836441 | AG25: 0.02647045 | AH25: 0.77518519 | AI25: 0.77625 | AJ25: 6 | AK25: 6 | AL25: 450.7776 | AM25: 599.07811 | AN25: 45.751324 | AO25: 0.4575 | AP25: 0.015620514 | AQ25: 0.029219297 | AR25: 0.77638889 | AS25: 0.77777778 | AT25: 433.30958 | AU25: 578.28965 | AV25: 59.070452 | AW25: 0.47564286 | AX25: 0.013523569 | AY25: 0.025428987 | AZ25: 0.77777778 | BA25: 0.78125 | BB25: Nein | BC25: Nein | BD25: Keine | BE25: Ja | BF25: ans Meer | BG25: Nein | BH25: keine | BI25: Ja | BJ25: Ans Meer | BK25: Nein | BL25: keine | BM25: Ja | BN25: TV ohne Signal | BO25: Nein | BP25: keine | BQ25: Nein | BR25: keine | BS25: Ja | BT25: nervös | BU25: 50% | BV25: Nein | BW25: Stimme nicht zu | BX25: Stimme zu | BY25: Stimme nicht zu | BZ25: Weder noch | CA25: Stimme nicht zu | CB25: Stimme zu | CC25: Weder noch | CD25: Weder noch | CE25: Stimme nicht zu | CF25: Stimme zu | CH25: Stimme nicht zu | CI25: Stimme zu | CJ25: Stimme zu | CK25: Stimme überhaupt nicht zu | CL25: Ein wenig | CM25: Gar nicht | CN25: Stark | CO25: 344.43545 | CP25: 461.63366 | CQ25: 147.83922 | CR25: 0.52240183 | CS25: 0.012911843 | CT25: 0.021942432 | CU25: keine
A26: 25 | B26: Taiwan | C26: female | D26: 30 | E26: TE0-10 | F26: 09.01.2026 | H26: 0.47569444 | I26: 0.47664352 | J26: 388.90873 | K26: 550 | L26: 39.84793 | M26: 0.52694737 | N26: 0.015098754 | O26: 0.037291206 | P26: 0.47665509 | Q26: 0.47789352 | R26: 8 | S26: 8 | T26: 0 | V26: 52.793696 | W26: 0.53296203 | X26: 0.014983387 | Y26: 0.033240952 | Z26: 0.47790509 | AA26: 0.47916667 | AB26: 120.21404 | AC26: 141.73909 | AD26: 55.179455 | AE26: 0.53028571 | AF26: 0.014597349 | AG26: 0.032950727 | AH26: 11:30:55 | AI26: 0.48091435 | AJ26: 6 | AK26: 6 | AL26: 150.75644 | AM26: 184.5069 | AN26: 48.35707 | AO26: 0.51149296 | AP26: 0.014877838 | AQ26: 0.033198848 | AR26: 0.48092593 | AS26: 0.48194444 | AT26: 289.91378 | AU26: 410 | AV26: 42.768462 | AW26: 0.4848 | AX26: 0.013994152 | AY26: 0.034410304 | AZ26: 0.48194444 | BA26: 0.48472222 | BB26: klangandschaft | BC26: falls nicht zutreffend | BD26: zu Hause | BE26: Nien | BF26: keine | BG26: Nien | BH26: keine | BI26: Ja | BJ26: in Straße | BK26: Nien | BL26: keine | BM26: Nein | BN26: keine | BO26: Ja | BP26: die Unterwegs zu der Uni | BQ26: Nein | BR26: keine | BS26: Nien | BT26: keine | BU26: 80% | BV26: rühig | BW26: Stimme völlig zu | BX26: Weder noch | BY26: Stimme völlig zu | BZ26: Weder noch | CA26: Stimme völlig zu | CB26: Weder noch | CC26: Weder noch | CD26: Stimme völlig zu | CE26: Stimme völlig zu | CF26: Weder noch | CH26: Stimme völlig zu | CI26: Stimme überhaupt nicht zu | CJ26: Stimme überhaupt nicht zu | CK26: Stimme völlig zu | CL26: Gar nicht | CM26: Gar nicht | CN26: Vollständig dominierend | CO26: 147.57521 | CP26: 214.89294 | CQ26: 116.38126 | CR26: 0.52987356 | CS26: 0.01401546 | CT26: 0.028283313 | CU26: keine

Sheet guodubiaoge
A1: ID | B1: S1_Label | C1: S1_Δpeakamp_BW | D1: S2_Label | E1: S2_Δpeakamp_BW | F1: S3_Label | G1: S3_Δpeakamp_BW | H1: S4_Label | I1: S4_Δpeakamp_BW | J1: S1_Δrisetime_BW | K1: S2_Δrisetime_BW | L1: S3_Δrisetime_BW | M1: S4_Δrisetime_BW | N1: S1_ΔRMSSD_BW | O1: S2_ΔRMSSD_BW | P1: S3_ΔRMSSD_BW | Q1: S4_ΔRMSSD_BW | R1: DSP BW Score S1 | S1: DSP BW Score S2 | T1: DSP BW Score S3 | U1: DSP BW Score S4 | V1: DSP Forward S1 | W1: DSP Forward S2 | X1: DSP Forward S3 | Y1: DSP Forward S4 | Z1: ΔSDNN S1_FW | AA1: ΔSDNN S2_FW | AB1: ΔSDNN S3_FW | AC1: ΔSDNN S4_FW | AD1: S1_Δpeakamp_FW | AE1: S2_Δpeakamp_FW | AF1: S3_Δpeakamp_FW | AG1: S4_Δpeakamp_FW | AH1: S1_Δrisetime_FW | AI1: S2_Δrisetime_FW | AJ1: S3_Δrisetime_FW | AK1: S4_Δrisetime_FW | AL1: S1_ΔRMSSD_FW | AM1: S2_ΔRMSSD_FW | AN1: S3_ΔRMSSD_FW | AO1: S4_ΔRMSSD_FW | AP1: ΔSDNN S1_BW | AQ1: ΔSDNN S2_BW | AR1: ΔSDNN S3_BW | AS1: ΔSDNN S4_BW
A2: 1 | B2: TE0 | C2: ='[1]S1 Datalog+Results'!AP2-'[1]S1 Datalog+Results'!AF2 -> 2.6321413e-05 | D2: TE0-10 | E2: ='[2]S2 Datalog + Results'!AP2-'[2]S2 Datalog + Results'!AF2 -> 0.0018656471 | F2: TE0+HF+6 | G2: ='[3]S3 Datalog + Results'!AP2-'[3]S3 Datalog + Results'!AF2 -> 0.00045089618 | H2: TE0+SL+10 | I2: ='[4]S4 Datalog + Results'!AP2-'[4]S4 Datalog + Results'!AF2 -> -0.00023132096 | J2: ='[1]S1 Datalog+Results'!AO2-'[1]S1 Datalog+Results'!AE2 -> 0.016238286 | K2: ='[2]S2 Datalog + Results'!AO2-'[2]S2 Datalog + Results'!AE2 -> 0.023265942 | L2: ='[3]S3 Datalog + Results'!AO2-'[3]S3 Datalog + Results'!AE2 -> -0.03942501 | M2: ='[4]S4 Datalog + Results'!AO2-'[4]S4 Datalog + Results'!AE2 -> -0.035515348 | N2: ='[1]S1 Datalog+Results'!AM2-'[1]S1 Datalog+Results'!AC2 -> -202.37676 | O2: ='[2]S2 Datalog + Results'!AM2-'[2]S2 Datalog + Results'!AC2 -> 17.07908 | P2: ='[3]S3 Datalog + Results'!AM2-'[3]S3 Datalog + Results'!AC2 -> 10.68822 | Q2: ='[4]S4 Datalog + Results'!AM2-'[4]S4 Datalog + Results'!AC2 -> -23.727183 | R2: ='[1]S1 Datalog+Results'!AK2 -> 4 | S2: ='[2]S2 Datalog + Results'!AK2 -> 7 | T2: ='[3]S3 Datalog + Results'!AK2 -> 7 | U2: ='[4]S4 Datalog + Results'!AK2 -> 7 | V2: ='[1]S1 Datalog+Results'!S2 -> 4 | W2: ='[2]S2 Datalog + Results'!S2 -> 6 | X2: ='[3]S3 Datalog + Results'!S2 -> 7 | Y2: ='[4]S4 Datalog + Results'!S2 -> 7 | Z2: ='[1]S1 Datalog+Results'!T2-'[1]S1 Datalog+Results'!J2 -> -249.63133 | AA2: ='[2]S2 Datalog + Results'!T2-'[2]S2 Datalog + Results'!J2 -> 113.98586 | AB2: ='[3]S3 Datalog + Results'!T2-'[3]S3 Datalog + Results'!J2 -> -56.582304 | AC2: ='[4]S4 Datalog + Results'!T2-'[4]S4 Datalog + Results'!J2 -> -43.457369 | AD2: ='[1]S1 Datalog+Results'!X2-'[1]S1 Datalog+Results'!N2 -> -0.0023860263 | AE2: ='[2]S2 Datalog + Results'!X2-'[2]S2 Datalog + Results'!N2 -> -0.0004578968 | AF2: ='[3]S3 Datalog + Results'!X2-'[3]S3 Datalog + Results'!N2 -> 0.0007708087 | AG2: ='[4]S4 Datalog + Results'!X2-'[4]S4 Datalog + Results'!N2 -> -0.0019551125 | AH2: ='[1]S1 Datalog+Results'!W2-'[1]S1 Datalog+Results'!M2 -> 0.013713465 | AI2: ='[2]S2 Datalog + Results'!W2-'[2]S2 Datalog + Results'!M2 -> 0.0064086022 | AJ2: ='[3]S3 Datalog + Results'!W2-'[3]S3 Datalog + Results'!M2 -> 0.036959637 | AK2: ='[4]S4 Datalog + Results'!W2-'[4]S4 Datalog + Results'!M2 -> -0.018838259 | AL2: ='[1]S1 Datalog+Results'!U2-'[1]S1 Datalog+Results'!K2 -> -283.44618 | AM2: ='[2]S2 Datalog + Results'!U2-'[2]S2 Datalog + Results'!K2 -> 169.55246 | AN2: ='[3]S3 Datalog + Results'!U2-'[3]S3 Datalog + Results'!K2 -> -72.707919 | AO2: ='[4]S4 Datalog + Results'!U2-'[4]S4 Datalog + Results'!K2 -> -75.747516 | AP2: ='[1]S1 Datalog+Results'!AL2-'[1]S1 Datalog+Results'!AB2 -> -140.67102 | AQ2: ='[2]S2 Datalog + Results'!AL2-'[2]S2 Datalog + Results'!AB2 -> 12.72856 | AR2: ='[3]S3 Datalog + Results'!AL2-'[3]S3 Datalog + Results'!AB2 -> 5.5837802 | AS2: ='[4]S4 Datalog + Results'!AL2-'[4]S4 Datalog + Results'!AB2 -> -12.53104
A3: 2 | B3: TE0+HF+6 | C3: ='[1]S1 Datalog+Results'!AP3-'[1]S1 Datalog+Results'!AF3 -> 0.00048596921 | D3: TE0 | E3: ='[2]S2 Datalog + Results'!AP3-'[2]S2 Datalog + Results'!AF3 -> 0.00032049202 | F3: TE0+SL+10 | G3: ='[3]S3 Datalog + Results'!AP3-'[3]S3 Datalog + Results'!AF3 -> 0.00014790446 | H3: TE0-10 | I3: ='[4]S4 Datalog + Results'!AP3-'[4]S4 Datalog + Results'!AF3 -> -0.00032606099 | J3: ='[1]S1 Datalog+Results'!AO3-'[1]S1 Datalog+Results'!AE3 -> -0.053061444 | K3: ='[2]S2 Datalog + Results'!AO3-'[2]S2 Datalog + Results'!AE3 -> 0.073801211 | L3: ='[3]S3 Datalog + Results'!AO3-'[3]S3 Datalog + Results'!AE3 -> -0.045422431 | M3: ='[4]S4 Datalog + Results'!AO3-'[4]S4 Datalog + Results'!AE3 -> 0.0074533582 | N3: ='[1]S1 Datalog+Results'!AM3-'[1]S1 Datalog+Results'!AC3 -> 92.619168 | O3: ='[2]S2 Datalog + Results'!AM3-'[2]S2 Datalog + Results'!AC3 -> -33.808503 | P3: ='[3]S3 Datalog + Results'!AM3-'[3]S3 Datalog + Results'!AC3 -> -36.443094 | Q3: ='[4]S4 Datalog + Results'!AM3-'[4]S4 Datalog + Results'!AC3 -> 20.709601 | R3: ='[1]S1 Datalog+Results'!AK3 -> 4 | S3: ='[2]S2 Datalog + Results'!AK3 -> 6 | T3: ='[3]S3 Datalog + Results'!AK3 -> 7 | U3: ='[4]S4 Datalog + Results'!AK3 -> 7 | V3: ='[1]S1 Datalog+Results'!S3 -> 7 | W3: ='[2]S2 Datalog + Results'!S3 -> 7 | X3: ='[3]S3 Datalog + Results'!S3 -> 7 | Y3: ='[4]S4 Datalog + Results'!S3 -> 8 | Z3: ='[1]S1 Datalog+Results'!T3-'[1]S1 Datalog+Results'!J3 -> -73.487446 | AA3: ='[2]S2 Datalog + Results'!T3-'[2]S2 Datalog + Results'!J3 -> 50.131913 | AB3: ='[3]S3 Datalog + Results'!T3-'[3]S3 Datalog + Results'!J3 -> -14.161677 | AC3: ='[4]S4 Datalog + Results'!T3-'[4]S4 Datalog + Results'!J3 -> -36.181902 | AD3: ='[1]S1 Datalog+Results'!X3-'[1]S1 Datalog+Results'!N3 -> 7.5919549e-05 | AE3: ='[2]S2 Datalog + Results'!X3-'[2]S2 Datalog + Results'!N3 -> -7.9637637e-05 | AF3: ='[3]S3 Datalog + Results'!X3-'[3]S3 Datalog + Results'!N3 -> 0.0010242367 | AG3: ='[4]S4 Datalog + Results'!X3-'[4]S4 Datalog + Results'!N3 -> -0.0004523909 | AH3: ='[1]S1 Datalog+Results'!W3-'[1]S1 Datalog+Results'!M3 -> 0.0083028986 | AI3: ='[2]S2 Datalog + Results'!W3-'[2]S2 Datalog + Results'!M3 -> -0.06144733 | AJ3: ='[3]S3 Datalog + Results'!W3-'[3]S3 Datalog + Results'!M3 -> 0.062032647 | AK3: ='[4]S4 Datalog + Results'!W3-'[4]S4 Datalog + Results'!M3 -> -0.013978714 | AL3: ='[1]S1 Datalog+Results'!U3-'[1]S1 Datalog+Results'!K3 -> -90.062919 | AM3: ='[2]S2 Datalog + Results'!U3-'[2]S2 Datalog + Results'!K3 -> 37.426499 | AN3: ='[3]S3 Datalog + Results'!U3-'[3]S3 Datalog + Results'!K3 -> 123.24726 | AO3: ='[4]S4 Datalog + Results'!U3-'[4]S4 Datalog + Results'!K3 -> -51.878811 | AP3: ='[1]S1 Datalog+Results'!AL3-'[1]S1 Datalog+Results'!AB3 -> 106.65865 | AQ3: ='[2]S2 Datalog + Results'!AL3-'[2]S2 Datalog + Results'!AB3 -> 13.358531 | AR3: ='[3]S3 Datalog + Results'!AL3-'[3]S3 Datalog + Results'!AB3 -> -50.513279 | AS3: ='[4]S4 Datalog + Results'!AL3-'[4]S4 Datalog + Results'!AB3 -> 47.303366
A4: 3 | B4: TE0-10 | C4: ='[1]S1 Datalog+Results'!AP4-'[1]S1 Datalog+Results'!AF4 -> 0.00057629067 | D4: TE0+SL+10 | E4: ='[2]S2 Datalog + Results'!AP4-'[2]S2 Datalog + Results'!AF4 -> -0.0083586693 | F4: TE0 | G4: ='[3]S3 Datalog + Results'!AP4-'[3]S3 Datalog + Results'!AF4 -> 4.8394112e-05 | H4: TE0+HF+6 | I4: ='[4]S4 Datalog + Results'!AP4-'[4]S4 Datalog + Results'!AF4 -> 0.00076814285 | J4: ='[1]S1 Datalog+Results'!AO4-'[1]S1 Datalog+Results'!AE4 -> -0.043812149 | K4: ='[2]S2 Datalog + Results'!AO4-'[2]S2 Datalog + Results'!AE4 -> -0.59175 | L4: ='[3]S3 Datalog + Results'!AO4-'[3]S3 Datalog + Results'!AE4 -> -0.043471795 | M4: ='[4]S4 Datalog + Results'!AO4-'[4]S4 Datalog + Results'!AE4 -> -0.031928052 | N4: ='[1]S1 Datalog+Results'!AM4-'[1]S1 Datalog+Results'!AC4 -> 766.22972 | O4: ='[2]S2 Datalog + Results'!AM4-'[2]S2 Datalog + Results'!AC4 -> -274.00254 | P4: ='[3]S3 Datalog + Results'!AM4-'[3]S3 Datalog + Results'!AC4 -> -155.90734 | Q4: ='[4]S4 Datalog + Results'!AM4-'[4]S4 Datalog + Results'!AC4 -> 217.05286 | R4: ='[1]S1 Datalog+Results'!AK4 -> 6 | S4: ='[2]S2 Datalog + Results'!AK4 -> 0 | T4: ='[3]S3 Datalog + Results'!AK4 -> 6 | U4: ='[4]S4 Datalog + Results'!AK4 -> 6 | V4: ='[1]S1 Datalog+Results'!S4 -> 7 | W4: ='[2]S2 Datalog + Results'!S4 -> 7 | X4: ='[3]S3 Datalog + Results'!S4 -> 7 | Y4: ='[4]S4 Datalog + Results'!S4 -> 6 | Z4: ='[1]S1 Datalog+Results'!T4-'[1]S1 Datalog+Results'!J4 -> -4.0094916 | AA4: ='[2]S2 Datalog + Results'!T4-'[2]S2 Datalog + Results'!J4 -> -108.31604 | AB4: ='[3]S3 Datalog + Results'!T4-'[3]S3 Datalog + Results'!J4 -> -67.696982 | AC4: ='[4]S4 Datalog + Results'!T4-'[4]S4 Datalog + Results'!J4 -> -177.80315 | AD4: ='[1]S1 Datalog+Results'!X4-'[1]S1 Datalog+Results'!N4 -> -0.00022475182 | AE4: ='[2]S2 Datalog + Results'!X4-'[2]S2 Datalog + Results'!N4 -> 0.0009228254 | AF4: ='[3]S3 Datalog + Results'!X4-'[3]S3 Datalog + Results'!N4 -> -0.00090311662 | AG4: ='[4]S4 Datalog + Results'!X4-'[4]S4 Datalog + Results'!N4 -> 0.00047605117 | AH4: ='[1]S1 Datalog+Results'!W4-'[1]S1 Datalog+Results'!M4 -> -0.090332769 | AI4: ='[2]S2 Datalog + Results'!W4-'[2]S2 Datalog + Results'!M4 -> -0.029135847 | AJ4: ='[3]S3 Datalog + Results'!W4-'[3]S3 Datalog + Results'!M4 -> 0.021004762 | AK4: ='[4]S4 Datalog + Results'!W4-'[4]S4 Datalog + Results'!M4 -> -0.055733635 | AL4: ='[1]S1 Datalog+Results'!U4-'[1]S1 Datalog+Results'!K4 -> 115.85292 | AM4: ='[2]S2 Datalog + Results'!U4-'[2]S2 Datalog + Results'!K4 -> -100.30822 | AN4: ='[3]S3 Datalog + Results'!U4-'[3]S3 Datalog + Results'!K4 -> -83.533449 | AO4: ='[4]S4 Datalog + Results'!U4-'[4]S4 Datalog + Results'!K4 -> -224.99471 | AP4: ='[1]S1 Datalog+Results'!AL4-'[1]S1 Datalog+Results'!AB4 -> -68.569501 | AQ4: ='[2]S2 Datalog + Results'!AL4-'[2]S2 Datalog + Results'!AB4 -> -217.84454 | AR4: ='[3]S3 Datalog + Results'!AL4-'[3]S3 Datalog + Results'!AB4 -> -109.33632 | AS4: ='[4]S4 Datalog + Results'!AL4-'[4]S4 Datalog + Results'!AB4 -> 119.00119
A5: 4 | B5: Te0+Sim+10 | C5: ='[1]S1 Datalog+Results'!AP5-'[1]S1 Datalog+Results'!AF5 -> -0.00050751976 | D5: TE0-10 | E5: ='[2]S2 Datalog + Results'!AP5-'[2]S2 Datalog + Results'!AF5 -> 0.00051625545 | F5: TE0+HF+6 | G5: ='[3]S3 Datalog + Results'!AP5-'[3]S3 Datalog + Results'!AF5 -> 0.00094931166 | H5: TE0 | I5: ='[4]S4 Datalog + Results'!AP5-'[4]S4 Datalog + Results'!AF5 -> 0 | J5: ='[1]S1 Datalog+Results'!AO5-'[1]S1 Datalog+Results'!AE5 -> 0.048936364 | K5: ='[2]S2 Datalog + Results'!AO5-'[2]S2 Datalog + Results'!AE5 -> 0.033182656 | L5: ='[3]S3 Datalog + Results'!AO5-'[3]S3 Datalog + Results'!AE5 -> -0.058376204 | M5: ='[4]S4 Datalog + Results'!AO5-'[4]S4 Datalog + Results'!AE5 -> 0 | N5: ='[1]S1 Datalog+Results'!AM5-'[1]S1 Datalog+Results'!AC5 -> 673.26487 | O5: ='[2]S2 Datalog + Results'!AM5-'[2]S2 Datalog + Results'!AC5 -> -243.46598 | P5: ='[3]S3 Datalog + Results'!AM5-'[3]S3 Datalog + Results'!AC5 -> -191.88899 | Q5: ='[4]S4 Datalog + Results'!AM5-'[4]S4 Datalog + Results'!AC5 -> 0 | R5: ='[1]S1 Datalog+Results'!AK5 -> 5 | S5: ='[2]S2 Datalog + Results'!AK5 -> 6 | T5: ='[3]S3 Datalog + Results'!AK5 -> 6 | U5: ='[4]S4 Datalog + Results'!AK5 -> 0 | V5: ='[1]S1 Datalog+Results'!S5 -> 6 | W5: ='[2]S2 Datalog + Results'!S5 -> 8 | X5: ='[3]S3 Datalog + Results'!S5 -> 8 | Y5: ='[4]S4 Datalog + Results'!S5 -> 0 | Z5: ='[1]S1 Datalog+Results'!T5-'[1]S1 Datalog+Results'!J5 -> 55.528991 | AA5: ='[2]S2 Datalog + Results'!T5-'[2]S2 Datalog + Results'!J5 -> 2.9876963 | AB5: ='[3]S3 Datalog + Results'!T5-'[3]S3 Datalog + Results'!J5 -> -65.409715 | AC5: ='[4]S4 Datalog + Results'!T5-'[4]S4 Datalog + Results'!J5 -> -253.36523 | AD5: ='[1]S1 Datalog+Results'!X5-'[1]S1 Datalog+Results'!N5 -> -0.00071862643 | AE5: ='[2]S2 Datalog + Results'!X5-'[2]S2 Datalog + Results'!N5 -> -0.0019018138 | AF5: ='[3]S3 Datalog + Results'!X5-'[3]S3 Datalog + Results'!N5 -> 0.001330046 | AG5: ='[4]S4 Datalog + Results'!X5-'[4]S4 Datalog + Results'!N5 -> -0.017699291 | AH5: ='[1]S1 Datalog+Results'!W5-'[1]S1 Datalog+Results'!M5 -> -0.0020047847 | AI5: ='[2]S2 Datalog + Results'!W5-'[2]S2 Datalog + Results'!M5 -> 0.01843038 | AJ5: ='[3]S3 Datalog + Results'!W5-'[3]S3 Datalog + Results'!M5 -> -0.09592055 | AK5: ='[4]S4 Datalog + Results'!W5-'[4]S4 Datalog + Results'!M5 -> -0.52546667 | AL5: ='[1]S1 Datalog+Results'!U5-'[1]S1 Datalog+Results'!K5 -> 71.239039 | AM5: ='[2]S2 Datalog + Results'!U5-'[2]S2 Datalog + Results'!K5 -> -0.067937543 | AN5: ='[3]S3 Datalog + Results'!U5-'[3]S3 Datalog + Results'!K5 -> -117.43253 | AO5: ='[4]S4 Datalog + Results'!U5-'[4]S4 Datalog + Results'!K5 -> -329.84579 | AP5: ='[1]S1 Datalog+Results'!AL5-'[1]S1 Datalog+Results'!AB5 -> 36.978553 | AQ5: ='[2]S2 Datalog + Results'!AL5-'[2]S2 Datalog + Results'!AB5 -> -167.20132 | AR5: ='[3]S3 Datalog + Results'!AL5-'[3]S3 Datalog + Results'!AB5 -> 365.55237 | AS5: ='[4]S4 Datalog + Results'!AL5-'[4]S4 Datalog + Results'!AB5 -> 0
A6: 5 | B6: TE0 | C6: ='[1]S1 Datalog+Results'!AP6-'[1]S1 Datalog+Results'!AF6 -> -0.00019894004 | D6: TE0+HF+6 | E6: ='[2]S2 Datalog + Results'!AP6-'[2]S2 Datalog + Results'!AF6 -> 0.00086652536 | F6: TE0-10 | G6: ='[3]S3 Datalog + Results'!AP6-'[3]S3 Datalog + Results'!AF6 -> 0.00093418245 | H6: TE0+Sim+10 | I6: ='[4]S4 Datalog + Results'!AP6-'[4]S4 Datalog + Results'!AF6 -> 0.0082589262 | J6: ='[1]S1 Datalog+Results'!AO6-'[1]S1 Datalog+Results'!AE6 -> 0.024263117 | K6: ='[2]S2 Datalog + Results'!AO6-'[2]S2 Datalog + Results'!AE6 -> -0.015599487 | L6: ='[3]S3 Datalog + Results'!AO6-'[3]S3 Datalog + Results'!AE6 -> 0.0024302439 | M6: ='[4]S4 Datalog + Results'!AO6-'[4]S4 Datalog + Results'!AE6 -> 0.49116279 | N6: ='[1]S1 Datalog+Results'!AM6-'[1]S1 Datalog+Results'!AC6 -> -608.25505 | O6: ='[2]S2 Datalog + Results'!AM6-'[2]S2 Datalog + Results'!AC6 -> 3.8429465 | P6: ='[3]S3 Datalog + Results'!AM6-'[3]S3 Datalog + Results'!AC6 -> 46.820557 | Q6: ='[4]S4 Datalog + Results'!AM6-'[4]S4 Datalog + Results'!AC6 -> 0 | R6: ='[1]S1 Datalog+Results'!AK6 -> 6 | S6: ='[2]S2 Datalog + Results'!AK6 -> 4 | T6: ='[3]S3 Datalog + Results'!AK6 -> 4 | U6: ='[4]S4 Datalog + Results'!AK6 -> 5 | V6: ='[1]S1 Datalog+Results'!S6 -> 4 | W6: ='[2]S2 Datalog + Results'!S6 -> 5 | X6: ='[3]S3 Datalog + Results'!S6 -> 5 | Y6: ='[4]S4 Datalog + Results'!S6 -> 0 | Z6: ='[1]S1 Datalog+Results'!T6-'[1]S1 Datalog+Results'!J6 -> -13.05693 | AA6: ='[2]S2 Datalog + Results'!T6-'[2]S2 Datalog + Results'!J6 -> 279.23214 | AB6: ='[3]S3 Datalog + Results'!T6-'[3]S3 Datalog + Results'!J6 -> -7.5531995 | AC6: ='[4]S4 Datalog + Results'!T6-'[4]S4 Datalog + Results'!J6 -> -32.470788 | AD6: ='[1]S1 Datalog+Results'!X6-'[1]S1 Datalog+Results'!N6 -> -0.00011795594 | AE6: ='[2]S2 Datalog + Results'!X6-'[2]S2 Datalog + Results'!N6 -> 0.00087681266 | AF6: ='[3]S3 Datalog + Results'!X6-'[3]S3 Datalog + Results'!N6 -> 0.00035962637 | AG6: ='[4]S4 Datalog + Results'!X6-'[4]S4 Datalog + Results'!N6 -> -0.0069528533 | AH6: ='[1]S1 Datalog+Results'!W6-'[1]S1 Datalog+Results'!M6 -> -0.10015577 | AI6: ='[2]S2 Datalog + Results'!W6-'[2]S2 Datalog + Results'!M6 -> 0.029887006 | AJ6: ='[3]S3 Datalog + Results'!W6-'[3]S3 Datalog + Results'!M6 -> -0.015390524 | AK6: ='[4]S4 Datalog + Results'!W6-'[4]S4 Datalog + Results'!M6 -> -0.53646512 | AL6: ='[1]S1 Datalog+Results'!U6-'[1]S1 Datalog+Results'!K6 -> -64.169697 | AM6: ='[2]S2 Datalog + Results'!U6-'[2]S2 Datalog + Results'!K6 -> 397.28358 | AN6: ='[3]S3 Datalog + Results'!U6-'[3]S3 Datalog + Results'!K6 -> 2.3301051 | AO6: ='[4]S4 Datalog + Results'!U6-'[4]S4 Datalog + Results'!K6 -> -12.5781 | AP6: ='[1]S1 Datalog+Results'!AL6-'[1]S1 Datalog+Results'!AB6 -> 10.408607 | AQ6: ='[2]S2 Datalog + Results'!AL6-'[2]S2 Datalog + Results'!AB6 -> -12.400274 | AR6: ='[3]S3 Datalog + Results'!AL6-'[3]S3 Datalog + Results'!AB6 -> 15.922325 | AS6: ='[4]S4 Datalog + Results'!AL6-'[4]S4 Datalog + Results'!AB6 -> 132.53708
A7: 6 | B7: TE0+HF+6 | C7: ='[1]S1 Datalog+Results'!AP7-'[1]S1 Datalog+Results'!AF7 -> -0.00069974487 | D7: TE0+SL+10 | E7: ='[2]S2 Datalog + Results'!AP7-'[2]S2 Datalog + Results'!AF7 -> 0.00040308429 | F7: TE0 | G7: ='[3]S3 Datalog + Results'!AP7-'[3]S3 Datalog + Results'!AF7 -> -0.0039773174 | H7: TE0-10 | I7: ='[4]S4 Datalog + Results'!AP7-'[4]S4 Datalog + Results'!AF7 -> -0.0003133405 | J7: ='[1]S1 Datalog+Results'!AO7-'[1]S1 Datalog+Results'!AE7 -> -0.07216746 | K7: ='[2]S2 Datalog + Results'!AO7-'[2]S2 Datalog + Results'!AE7 -> -0.022214092 | L7: ='[3]S3 Datalog + Results'!AO7-'[3]S3 Datalog + Results'!AE7 -> 0.058970588 | M7: ='[4]S4 Datalog + Results'!AO7-'[4]S4 Datalog + Results'!AE7 -> -0.030020301 | N7: ='[1]S1 Datalog+Results'!AM7-'[1]S1 Datalog+Results'!AC7 -> -1.725197 | O7: ='[2]S2 Datalog + Results'!AM7-'[2]S2 Datalog + Results'!AC7 -> -50.108165 | P7: ='[3]S3 Datalog + Results'!AM7-'[3]S3 Datalog + Results'!AC7 -> -487.71234 | Q7: ='[4]S4 Datalog + Results'!AM7-'[4]S4 Datalog + Results'!AC7 -> -21.183859 | R7: ='[1]S1 Datalog+Results'!AK7 -> 4 | S7: ='[2]S2 Datalog + Results'!AK7 -> 6 | T7: ='[3]S3 Datalog + Results'!AK7 -> 5 | U7: ='[4]S4 Datalog + Results'!AK7 -> 6 | V7: ='[1]S1 Datalog+Results'!S7 -> 6 | W7: ='[2]S2 Datalog + Results'!S7 -> 6 | X7: ='[3]S3 Datalog + Results'!S7 -> 7 | Y7: ='[4]S4 Datalog + Results'!S7 -> 5 | Z7: ='[1]S1 Datalog+Results'!T7-'[1]S1 Datalog+Results'!J7 -> -6.4285799 | AA7: ='[2]S2 Datalog + Results'!T7-'[2]S2 Datalog + Results'!J7 -> 0.25395064 | AB7: ='[3]S3 Datalog + Results'!T7-'[3]S3 Datalog + Results'!J7 -> 7.8124842 | AC7: ='[4]S4 Datalog + Results'!T7-'[4]S4 Datalog + Results'!J7 -> -44.409952 | AD7: ='[1]S1 Datalog+Results'!X7-'[1]S1 Datalog+Results'!N7 -> -0.0003115741 | AE7: ='[2]S2 Datalog + Results'!X7-'[2]S2 Datalog + Results'!N7 -> 0.0022292367 | AF7: ='[3]S3 Datalog + Results'!X7-'[3]S3 Datalog + Results'!N7 -> -0.0037560013 | AG7: ='[4]S4 Datalog + Results'!X7-'[4]S4 Datalog + Results'!N7 -> -0.0019765547 | AH7: ='[1]S1 Datalog+Results'!W7-'[1]S1 Datalog+Results'!M7 -> 0.068827173 | AI7: ='[2]S2 Datalog + Results'!W7-'[2]S2 Datalog + Results'!M7 -> -0.044382433 | AJ7: ='[3]S3 Datalog + Results'!W7-'[3]S3 Datalog + Results'!M7 -> -0.0059379379 | AK7: ='[4]S4 Datalog + Results'!W7-'[4]S4 Datalog + Results'!M7 -> -0.030027319 | AL7: ='[1]S1 Datalog+Results'!U7-'[1]S1 Datalog+Results'!K7 -> -3.8926833 | AM7: ='[2]S2 Datalog + Results'!U7-'[2]S2 Datalog + Results'!K7 -> 7.5378247 | AN7: ='[3]S3 Datalog + Results'!U7-'[3]S3 Datalog + Results'!K7 -> 12.640355 | AO7: ='[4]S4 Datalog + Results'!U7-'[4]S4 Datalog + Results'!K7 -> -22.475671 | AP7: ='[1]S1 Datalog+Results'!AL7-'[1]S1 Datalog+Results'!AB7 -> -27.357223 | AQ7: ='[2]S2 Datalog + Results'!AL7-'[2]S2 Datalog + Results'!AB7 -> -30.362161 | AR7: ='[3]S3 Datalog + Results'!AL7-'[3]S3 Datalog + Results'!AB7 -> -326.68983 | AS7: ='[4]S4 Datalog + Results'!AL7-'[4]S4 Datalog + Results'!AB7 -> -48.136859
A8: 7 | B8: TE0+SL+10 | C8: ='[1]S1 Datalog+Results'!AP8-'[1]S1 Datalog+Results'!AF8 -> -0.00051271687 | D8: TE0 | E8: ='[2]S2 Datalog + Results'!AP8-'[2]S2 Datalog + Results'!AF8 -> 0.0010433058 | F8: TE0-10 | G8: ='[3]S3 Datalog + Results'!AP8-'[3]S3 Datalog + Results'!AF8 -> 0.0039932646 | H8: TE0+HF+6 | I8: ='[4]S4 Datalog + Results'!AP8-'[4]S4 Datalog + Results'!AF8 -> 0.0031446011 | J8: ='[1]S1 Datalog+Results'!AO8-'[1]S1 Datalog+Results'!AE8 -> -0.047390722 | K8: ='[2]S2 Datalog + Results'!AO8-'[2]S2 Datalog + Results'!AE8 -> -0.0023032564 | L8: ='[3]S3 Datalog + Results'!AO8-'[3]S3 Datalog + Results'!AE8 -> 0.055635328 | M8: ='[4]S4 Datalog + Results'!AO8-'[4]S4 Datalog + Results'!AE8 -> -0.037496008 | N8: ='[1]S1 Datalog+Results'!AM8-'[1]S1 Datalog+Results'!AC8 -> 522.98642 | O8: ='[2]S2 Datalog + Results'!AM8-'[2]S2 Datalog + Results'!AC8 -> 562.53432 | P8: ='[3]S3 Datalog + Results'!AM8-'[3]S3 Datalog + Results'!AC8 -> -46.070555 | Q8: ='[4]S4 Datalog + Results'!AM8-'[4]S4 Datalog + Results'!AC8 -> -8.2160893 | R8: ='[1]S1 Datalog+Results'!AK8 -> 5 | S8: ='[2]S2 Datalog + Results'!AK8 -> 6 | T8: ='[3]S3 Datalog + Results'!AK8 -> 4 | U8: ='[4]S4 Datalog + Results'!AK8 -> 6 | V8: ='[1]S1 Datalog+Results'!S8 -> 6 | W8: ='[2]S2 Datalog + Results'!S8 -> 6 | X8: ='[3]S3 Datalog + Results'!S8 -> 7 | Y8: ='[4]S4 Datalog + Results'!S8 -> 6 | Z8: ='[1]S1 Datalog+Results'!T8-'[1]S1 Datalog+Results'!J8 -> -35.163734 | AA8: ='[2]S2 Datalog + Results'!T8-'[2]S2 Datalog + Results'!J8 -> 332.93856 | AB8: ='[3]S3 Datalog + Results'!T8-'[3]S3 Datalog + Results'!J8 -> -10.400549 | AC8: ='[4]S4 Datalog + Results'!T8-'[4]S4 Datalog + Results'!J8 -> -11.93978 | AD8: ='[1]S1 Datalog+Results'!X8-'[1]S1 Datalog+Results'!N8 -> 0.00086405549 | AE8: ='[2]S2 Datalog + Results'!X8-'[2]S2 Datalog + Results'!N8 -> -0.00021948536 | AF8: ='[3]S3 Datalog + Results'!X8-'[3]S3 Datalog + Results'!N8 -> 0.0038800204 | AG8: ='[4]S4 Datalog + Results'!X8-'[4]S4 Datalog + Results'!N8 -> 0.0037675302 | AH8: ='[1]S1 Datalog+Results'!W8-'[1]S1 Datalog+Results'!M8 -> 0.041705034 | AI8: ='[2]S2 Datalog + Results'!W8-'[2]S2 Datalog + Results'!M8 -> 0.014578402 | AJ8: ='[3]S3 Datalog + Results'!W8-'[3]S3 Datalog + Results'!M8 -> 0.0011252747 | AK8: ='[4]S4 Datalog + Results'!W8-'[4]S4 Datalog + Results'!M8 -> 0.063704063 | AL8: ='[1]S1 Datalog+Results'!U8-'[1]S1 Datalog+Results'!K8 -> -69.406488 | AM8: ='[2]S2 Datalog + Results'!U8-'[2]S2 Datalog + Results'!K8 -> 406.27594 | AN8: ='[3]S3 Datalog + Results'!U8-'[3]S3 Datalog + Results'!K8 -> -0.73827732 | AO8: ='[4]S4 Datalog + Results'!U8-'[4]S4 Datalog + Results'!K8 -> -6.9183541 | AP8: ='[1]S1 Datalog+Results'!AL8-'[1]S1 Datalog+Results'!AB8 -> 359.78939 | AQ8: ='[2]S2 Datalog + Results'!AL8-'[2]S2 Datalog + Results'!AB8 -> 535.75981 | AR8: ='[3]S3 Datalog + Results'!AL8-'[3]S3 Datalog + Results'!AB8 -> -74.478975 | AS8: ='[4]S4 Datalog + Results'!AL8-'[4]S4 Datalog + Results'!AB8 -> -37.136294
